-- phpMyAdmin SQL Dump
-- version 5.0.2
-- https://www.phpmyadmin.net/
--
-- Servidor: 127.0.0.1
-- Tiempo de generación: 22-11-2020 a las 19:04:25
-- Versión del servidor: 10.4.14-MariaDB
-- Versión de PHP: 7.4.10

SET SQL_MODE = "NO_AUTO_VALUE_ON_ZERO";
START TRANSACTION;
SET time_zone = "+00:00";


/*!40101 SET @OLD_CHARACTER_SET_CLIENT=@@CHARACTER_SET_CLIENT */;
/*!40101 SET @OLD_CHARACTER_SET_RESULTS=@@CHARACTER_SET_RESULTS */;
/*!40101 SET @OLD_COLLATION_CONNECTION=@@COLLATION_CONNECTION */;
/*!40101 SET NAMES utf8mb4 */;

--
-- Base de datos: `dallim`
--

-- --------------------------------------------------------

--
-- Estructura de tabla para la tabla `articulo`
--

CREATE TABLE `articulo` (
  `id_articulo` int(11) NOT NULL,
  `nombre_articulo` varchar(30) NOT NULL,
  `precio` decimal(10,0) NOT NULL,
  `id_marca` int(11) NOT NULL,
  `color` varchar(11) NOT NULL,
  `existencia` tinyint(3) NOT NULL,
  `descripción` text NOT NULL,
  `id_talla` int(11) NOT NULL,
  `id_categoria` int(11) NOT NULL,
  `id_oferta` int(11) NOT NULL
) ENGINE=InnoDB DEFAULT CHARSET=utf8;

--
-- Volcado de datos para la tabla `articulo`
--

INSERT INTO `articulo` (`id_articulo`, `nombre_articulo`, `precio`, `id_marca`, `color`, `existencia`, `descripción`, `id_talla`, `id_categoria`, `id_oferta`) VALUES
(1, 'Vestido', '350', 1, 'Rosa', 3, 'Vestido para dama', 1, 0, 1),
(2, 'Sombrero', '400', 3, 'Negro', 2, 'sombrero para dama', 2, 4, 2),
(3, 'Blusa', '200', 6, 'Azul', 4, 'Blusa para dama', 3, 2, 3),
(4, 'Botas', '450', 9, 'Negro', 4, 'Botas largas para dama', 4, 5, 4),
(5, 'Tacones', '2000', 1, 'Negro', 1, 'Tacones para dama', 5, 5, 5),
(6, 'Tennis', '1200', 10, 'Blanco', 3, 'Tennis para deportistas', 1, 6, 6),
(7, 'Sudadera', '500', 5, 'Negro', 3, 'Sudadera hombre Nike', 2, 8, 7),
(8, 'Chamarra', '900', 7, 'Cafe', 1, 'Chamarra doble vista caballero', 4, 9, 8),
(9, 'Corbata', '100', 2, 'Rojo', 7, 'Corbata para traje caballero', 3, 10, 9),
(10, 'Camisa', '300', 9, 'Blanco', 5, 'Camisa para traje caballero', 5, 7, 10),
(11, 'Bufanda', '200', 11, 'Azul', 4, 'Bufanda corta para dama', 2, 11, 11),
(12, 'Gorro', '50', 12, 'Negro', 6, 'Gorro para dama', 2, 12, 5),
(13, 'Ropa Interior', '50', 13, 'Rosa', 5, 'Ropa interior para dama', 4, 13, 4),
(14, 'Cinturón Dama', '700', 14, 'Negro', 5, 'Cinturón elegante para dama', 4, 14, 14),
(15, 'Lentes', '200', 15, 'Negro', 2, 'Lentes para dama elegente', 4, 15, 15),
(16, 'Maquillaje', '500', 16, 'Rosa', 3, 'Maquillaje para dama de todo tipo', 1, 16, 12),
(17, 'Bolso', '3000', 17, 'Blanco', 5, 'Bolso para dama', 3, 17, 7),
(18, 'Perfume', '400', 18, 'Azul', 2, 'Perfume para dama Lacoste', 3, 18, 12),
(19, 'Tacones', '900', 19, 'Negro', 2, 'Tacones altos para dama', 2, 19, 4),
(20, 'Short', '200', 20, 'Blanco', 4, 'Short GAP', 1, 20, 13),
(21, 'Lentes oscuros', '200', 21, 'Negro', 4, 'Lentes para caballero', 3, 21, 10),
(22, 'Saco', '1500', 22, 'Negro', 4, 'Saco elegante', 2, 22, 11),
(23, 'Moño', '350', 23, 'Negro', 3, 'Moño para traje', 3, 23, 8),
(24, 'Camiseta', '50', 24, 'Azul', 4, 'Camiseta para caballero', 3, 24, 8),
(25, 'Short', '250', 25, 'Cafe', 1, 'Short para hombre', 4, 25, 9),
(26, 'Calcetines', '100', 26, 'Blanco', 3, 'Calcetines deportivos', 3, 26, 15),
(27, 'Chaleco', '300', 27, 'Café', 3, 'Chaleco para traje', 4, 27, 12),
(28, 'Cinturón Hombre', '150', 28, 'Negro', 2, 'Cinturón para caballero', 2, 28, 15),
(29, 'Reloj', '4000', 29, 'Cafe', 2, 'Reloj edición limitada', 4, 29, 1),
(30, 'Pijama', '400', 30, 'Negro', 3, 'Pijama para noche', 3, 30, 2);

-- --------------------------------------------------------

--
-- Estructura de tabla para la tabla `articulo_categoria`
--

CREATE TABLE `articulo_categoria` (
  `id_categoria` int(11) NOT NULL,
  `tipo_categoria` varchar(45) NOT NULL,
  `tipo_articulo` varchar(30) NOT NULL
) ENGINE=InnoDB DEFAULT CHARSET=utf8;

--
-- Volcado de datos para la tabla `articulo_categoria`
--

INSERT INTO `articulo_categoria` (`id_categoria`, `tipo_categoria`, `tipo_articulo`) VALUES
(0, 'Mujer', 'Vestido'),
(1, 'Mujer', 'Pantalón'),
(2, 'Mujer', 'Blusas'),
(4, 'Mujer', 'Sombrero'),
(5, 'Mujer', 'Zapatos'),
(6, 'Hombre', 'Tannis'),
(7, 'Hombre', 'Camisa'),
(8, 'Hombre', 'Sudadera'),
(9, 'Hombre', 'Chamarra'),
(10, 'Hombre', 'Corbata'),
(11, 'Mujer', 'Bufanda'),
(12, 'Mujer', 'Gorro'),
(13, 'Mujer', 'Ropa Interior'),
(14, 'Mujer', 'Cinturon'),
(15, 'Mujer', 'Lentes'),
(16, 'Mujer', 'Maquillaje'),
(17, 'Mujer', 'Bolso'),
(18, 'Mujer', 'Perfume'),
(19, 'Mujer', 'Tacones'),
(20, 'Mujer', 'Short'),
(21, 'Hombre', 'Lentes oscuros'),
(22, 'Hombre', 'Saco'),
(23, 'Hombre', 'Moño'),
(24, 'Hombre', 'Camiseta'),
(25, 'Hombre', 'Short'),
(26, 'Hombre', 'Calcetines'),
(27, 'Hombre', 'Chaleco'),
(28, 'Hombre', 'Cinturón hombre'),
(29, 'Hombre', 'Reloj'),
(30, 'Hombre', 'Pijama');

-- --------------------------------------------------------

--
-- Estructura de tabla para la tabla `articulo_visita`
--

CREATE TABLE `articulo_visita` (
  `id_visita` int(11) NOT NULL,
  `id_usuario` int(11) NOT NULL,
  `id_articulo` int(11) NOT NULL,
  `fecha` datetime NOT NULL
) ENGINE=InnoDB DEFAULT CHARSET=utf8;

--
-- Volcado de datos para la tabla `articulo_visita`
--

INSERT INTO `articulo_visita` (`id_visita`, `id_usuario`, `id_articulo`, `fecha`) VALUES
(1, 1, 1, '2020-11-27 10:32:13'),
(2, 2, 2, '2020-11-18 12:18:52'),
(3, 3, 3, '2020-11-17 05:32:52'),
(4, 4, 4, '2020-11-25 10:32:52'),
(5, 5, 5, '2020-11-17 17:49:11'),
(6, 6, 6, '2020-11-30 17:32:52'),
(7, 7, 7, '2020-11-18 17:32:52'),
(8, 8, 8, '2020-11-30 15:32:52'),
(9, 9, 9, '2020-11-21 17:32:52'),
(10, 10, 10, '2020-11-25 17:32:52'),
(11, 11, 1, '2020-11-18 17:30:39'),
(12, 12, 2, '2020-11-23 17:30:39'),
(13, 13, 3, '2020-11-24 17:30:39'),
(14, 14, 4, '2020-11-03 17:30:39'),
(15, 15, 5, '2020-11-12 17:30:39'),
(16, 16, 6, '2020-11-10 17:30:39'),
(17, 17, 7, '2020-11-18 17:30:39'),
(18, 18, 8, '2020-11-07 17:30:39'),
(19, 19, 9, '2020-11-10 17:30:39'),
(20, 20, 10, '2020-11-18 17:30:39'),
(21, 21, 21, '2020-11-24 18:04:09'),
(22, 22, 22, '2020-11-30 18:04:09'),
(23, 23, 23, '2020-11-03 18:04:09'),
(24, 24, 24, '2020-11-17 18:04:09'),
(25, 25, 25, '2020-11-26 18:04:09'),
(26, 26, 26, '2020-11-24 18:04:09'),
(27, 27, 27, '2020-11-24 18:04:09'),
(28, 28, 28, '2020-11-05 18:04:09'),
(29, 29, 29, '2020-11-25 18:04:09'),
(30, 30, 30, '2020-11-09 18:04:09');

-- --------------------------------------------------------

--
-- Estructura de tabla para la tabla `calificaciones`
--

CREATE TABLE `calificaciones` (
  `id_calif` int(11) NOT NULL,
  `id_usuario` int(11) NOT NULL,
  `id_articulo` int(11) NOT NULL,
  `comentario` text NOT NULL,
  `calificacion` tinyint(1) NOT NULL,
  `fecha_hora` datetime NOT NULL DEFAULT current_timestamp()
) ENGINE=InnoDB DEFAULT CHARSET=utf8;

--
-- Volcado de datos para la tabla `calificaciones`
--

INSERT INTO `calificaciones` (`id_calif`, `id_usuario`, `id_articulo`, `comentario`, `calificacion`, `fecha_hora`) VALUES
(1, 1, 1, 'Vestido para dama', 10, '2020-11-17 17:36:26'),
(2, 2, 2, 'Sombrero para dama', 9, '2020-11-17 17:38:08'),
(3, 3, 3, 'Blusa para dama', 9, '2020-11-29 17:38:08'),
(4, 4, 4, 'Botas largas para dama', 10, '2020-11-17 17:38:08'),
(5, 5, 5, 'Tacones para dama', 10, '2020-11-16 17:49:59'),
(6, 6, 6, 'Tennis deportivos caballero', 9, '2020-11-17 17:38:08'),
(7, 7, 7, 'Sudadera doble vista caballero', 10, '2020-11-19 17:38:08'),
(8, 8, 8, 'Chamarra gruesa caballero', 9, '2020-11-17 17:38:08'),
(9, 9, 9, 'Corbata para traje caballero', 10, '2020-11-22 17:38:08'),
(10, 10, 10, 'Camisa para traje caballero', 10, '2020-11-24 17:38:08'),
(11, 11, 3, 'Blusa azul cómoda', 10, '2020-11-21 17:39:37'),
(12, 12, 2, 'Sombrero para hombre', 9, '2020-11-21 17:39:37'),
(13, 13, 1, 'Vestido corto', 10, '2020-11-21 17:39:37'),
(14, 14, 8, 'Chamarra caliente', 9, '2020-11-21 17:39:37'),
(15, 15, 5, 'Tacones altos', 10, '2020-11-21 17:39:37'),
(16, 16, 6, 'Tennis deportivos', 9, '2020-11-21 17:39:37'),
(17, 17, 7, 'Sudadera Puma', 10, '2020-11-21 17:39:37'),
(18, 18, 9, 'Corbata para smoking', 10, '2020-11-21 17:39:37'),
(19, 19, 4, 'Botas gruesas', 10, '2020-11-21 17:39:37'),
(20, 20, 10, 'Camisa blanca lisa', 10, '2020-11-21 17:39:37'),
(21, 21, 21, 'Lentes muy oscuros', 10, '2020-11-21 18:13:49'),
(22, 22, 22, 'Saco elegante negro', 9, '2020-11-21 18:13:49'),
(23, 23, 23, 'Moño para smoking', 10, '2020-11-21 18:13:49'),
(24, 24, 24, 'Camiseta para caballero', 9, '2020-11-21 18:13:49'),
(25, 25, 25, 'Short corto', 10, '2020-11-21 18:13:49'),
(26, 26, 26, 'Calcetines deportivos', 9, '2020-11-21 18:13:49'),
(27, 27, 27, 'Chaleco para traje', 10, '2020-11-21 18:13:49'),
(28, 28, 28, 'Cinturón ajustable', 10, '2020-11-21 18:13:49'),
(29, 29, 29, 'Reloj edición limitada', 10, '2020-11-21 18:13:49'),
(30, 30, 30, 'Pijama super cómoda varón', 10, '2020-11-21 18:13:49');

-- --------------------------------------------------------

--
-- Estructura de tabla para la tabla `carrito`
--

CREATE TABLE `carrito` (
  `id_total` int(11) NOT NULL,
  `id_articulo` int(11) NOT NULL,
  `cantidad` int(11) NOT NULL,
  `fecha` date NOT NULL
) ENGINE=InnoDB DEFAULT CHARSET=utf8;

--
-- Volcado de datos para la tabla `carrito`
--

INSERT INTO `carrito` (`id_total`, `id_articulo`, `cantidad`, `fecha`) VALUES
(1, 1, 1, '2020-11-16'),
(2, 2, 2, '2020-11-17'),
(3, 3, 3, '2020-11-17'),
(4, 4, 3, '2020-11-17'),
(5, 5, 3, '2020-11-17'),
(6, 6, 1, '2020-11-16'),
(7, 7, 3, '2020-11-17'),
(8, 8, 1, '2020-11-20'),
(9, 9, 5, '2020-11-16'),
(10, 10, 2, '2020-11-16'),
(11, 11, 2, '2020-11-03'),
(12, 12, 2, '2020-11-12'),
(13, 13, 2, '2020-11-04'),
(14, 14, 2, '2020-11-13'),
(15, 15, 2, '2020-11-12'),
(16, 16, 1, '2020-11-20'),
(17, 17, 1, '2020-11-19'),
(18, 18, 2, '2020-11-12'),
(19, 19, 2, '2020-11-02'),
(20, 20, 2, '2020-11-19'),
(21, 21, 2, '2020-11-19'),
(22, 22, 2, '2020-11-11'),
(23, 23, 2, '2020-11-11'),
(24, 24, 2, '2020-11-26'),
(25, 25, 2, '2020-11-12'),
(26, 26, 2, '2020-11-06'),
(27, 26, 2, '2020-11-23'),
(28, 28, 3, '2020-11-30'),
(29, 29, 1, '2020-11-10'),
(30, 30, 2, '2020-11-25');

-- --------------------------------------------------------

--
-- Estructura de tabla para la tabla `compra`
--

CREATE TABLE `compra` (
  `id_compra` int(11) NOT NULL,
  `id_usuario` int(11) NOT NULL,
  `id_pago` int(11) NOT NULL,
  `id_total` int(11) NOT NULL,
  `fecha_compra` datetime(2) NOT NULL,
  `Descripción` varchar(255) NOT NULL,
  `id_articulo` int(11) NOT NULL
) ENGINE=InnoDB DEFAULT CHARSET=utf8;

--
-- Volcado de datos para la tabla `compra`
--

INSERT INTO `compra` (`id_compra`, `id_usuario`, `id_pago`, `id_total`, `fecha_compra`, `Descripción`, `id_articulo`) VALUES
(1, 1, 1, 1, '2020-11-17 12:52:47.00', 'Realizo compra el dia de hoy', 1),
(2, 2, 2, 2, '2020-11-18 17:54:13.00', 'Realizo compra de distintos productos', 2),
(3, 3, 3, 3, '2020-11-09 17:54:13.00', 'Realizo compra para dama', 3),
(4, 4, 4, 4, '2020-11-18 17:54:14.00', 'Realizo compra para su hijo', 4),
(5, 5, 5, 5, '2020-11-18 17:54:14.00', 'Realizo compra para su esposa', 5),
(6, 6, 6, 6, '2020-11-20 17:54:14.00', 'Compro solamente un articulo', 6),
(7, 7, 7, 7, '2020-11-21 17:54:14.00', 'Realizo compra para su esposo', 7),
(8, 8, 8, 8, '2020-11-22 17:54:14.00', 'Compra para su hijo', 8),
(9, 9, 9, 9, '2020-11-22 17:54:14.00', 'Compro artículos para su novio', 9),
(10, 10, 10, 10, '2020-11-16 17:54:14.00', 'Realizo compra para el mismo', 10);

-- --------------------------------------------------------

--
-- Estructura de tabla para la tabla `empleado`
--

CREATE TABLE `empleado` (
  `id_empleado` int(11) NOT NULL,
  `apellidos` varchar(45) DEFAULT NULL,
  `nombre` varchar(45) DEFAULT NULL,
  `nombreUS` varchar(40) DEFAULT NULL,
  `telefono` varchar(20) DEFAULT NULL,
  `correo` varchar(45) DEFAULT NULL,
  `passEmp` varchar(100) DEFAULT NULL,
  `token` varchar(6) NOT NULL
) ENGINE=InnoDB DEFAULT CHARSET=utf8;

--
-- Volcado de datos para la tabla `empleado`
--

INSERT INTO `empleado` (`id_empleado`, `apellidos`, `nombre`, `nombreUS`, `telefono`, `correo`, `passEmp`, `token`) VALUES
(1, 'De Anda Delgado', 'Jesus', 'Asthas', '4493319679', 'jesus.chuy@gmail.com', 'jesus123', '1253'),
(2, 'Reyna', 'Katherine', 'Kat', '4491234567', 'kat.reyna@gmail.com', 'kat123', '4483'),
(3, 'Sergio', 'Martinez', 'Checo', '4497654321', 'cheko@hotmail.com', 'cheko123', '0124'),
(4, 'Gonzalez', 'Andres', 'AndresG', '4499876543', 'andresg@gmail.com', 'andres123', '3483'),
(5, 'Santos', 'Alonso', 'Sabino', '4498765432', 'sabino@gmail.com', 'sabino123', '0134'),
(6, 'García', 'Johan', 'JohanGM', '4491970697', 'johan.gar@hotmail.com', 'johan123', '1234'),
(7, 'Palos', 'Humberto', 'Humbert', '4497482812', 'humbert.palos@hotmail.com', 'humberto123', '6859'),
(8, 'Alvarez', 'Jaqueline', 'Jackie', '4491848185', 'jackie.alv@hotmail.com', 'jackie123', '2959'),
(9, 'Montoya', 'Roberto', 'Robert', '4493571781', 'roberto.mon@hotmail.com', 'roberto123', '4486'),
(10, 'Hernadez', 'Joel', 'Joel', '4491758283', 'joel.ulises@gmail.com', 'joel123', '3485'),
(11, 'Carvajal', 'Anastasio', 'Ana', '4491046430', 'ana@dallim.com', 'ana123', '3212'),
(12, 'Barajas', 'Roberto', 'Robert', '4491042842', 'rober@dallim.com', 'robert123', '2313'),
(13, 'Marisol', 'Rodríguez', 'Mary', '4492040311', 'mary@dallim.com', 'mary123', '1831'),
(14, 'Roztak', 'Dross', 'Dross', '4492050431', 'dross@dallim.com', 'dross123', '3728'),
(15, 'Torres', 'Enrique', 'Kike', '4490140392', 'kike@dallim.com', 'kike123', '2848'),
(16, 'Del Valle', 'Thania', 'Thania', '4492020304', 'thania@dallim.com', 'thania123', '3882'),
(17, 'Santana', 'Jessica', 'Jessy', '4491039530', 'jessy@dallim.com', 'jessy123', '2849'),
(18, 'Montoya', 'Emmanuel', 'Emma', '4491040354', 'emma@dallim.com', 'emma123', '3849'),
(19, 'Alba', 'Alaba', 'Alba', '4492059429', 'alba@dallim.com', 'alba123', '3583'),
(20, 'Bañuelos', 'Selene', 'Selene', '4491049385', 'selene@dallim.com', 'selene123', '3959'),
(21, 'Villalobos', 'Erika', 'Erika', '4490913954', 'erika@dallim.com', 'erika123', '2848'),
(22, 'Damasco', 'Eros', 'Eros', '4491030393', 'eros@dallim.com', 'eros123', '1374'),
(23, 'Rodriguez', 'Dante', 'Dante', '4491929234', 'dante@dallim.com', 'dante123', '2842'),
(24, 'Limon', 'Ruth', 'Ruth', '4491032202', 'ruth@dallim.com', 'ruth123', '2539'),
(25, 'Salazar', 'Ivan', 'Ivan', '4491828382', 'ivan@dallim.com', 'ivan123', '3853'),
(26, 'Rosales', 'Fernanda', 'Fer', '4499430381', 'fer@dallim.com', 'fer123', '1832'),
(27, 'Esparza', 'Johana', 'Johana', '4491029349', 'johana@dallim.com', 'johana123', '2748'),
(28, 'Tabata', 'Noemi', 'Noemi', '4491039283', 'noemi@dallim.com', 'noemi123', '2842'),
(29, 'Olivares', 'Omar', 'Omar', '4491030294', 'omar@dallim.com', 'omar123', '3838'),
(30, 'Mojica', 'Abigail', 'Abby', '4491039458', 'abby@dallim.com', 'abby123', '1395');

-- --------------------------------------------------------

--
-- Estructura de tabla para la tabla `imagen`
--

CREATE TABLE `imagen` (
  `id_imagen` int(11) NOT NULL,
  `imagen` blob NOT NULL
) ENGINE=InnoDB DEFAULT CHARSET=utf8;

--
-- Volcado de datos para la tabla `imagen`
--

INSERT INTO `imagen` (`id_imagen`, `imagen`) VALUES
(1, 0xffd8ffe000104a4649460001020100f000f00000ffe10be44578696600004d4d002a000000080007011200030000000100010000011a00050000000100000062011b0005000000010000006a012800030000000100020000013100020000001c0000007201320002000000140000008e8769000400000001000000a4000000d000249f000000271000249f000000271041646f62652050686f746f73686f70204353332057696e646f777300323031353a30393a31352031313a30303a35390000000003a001000300000001ffff0000a00200040000000100000078a0030004000000010000008d0000000000000006010300030000000100060000011a0005000000010000011e011b0005000000010000012601280003000000010002000002010004000000010000012e020200040000000100000aae0000000000000048000000010000004800000001ffd8ffe000104a46494600010200004800480000ffed000c41646f62655f434d0002ffee000e41646f626500648000000001ffdb0084000c08080809080c09090c110b0a0b11150f0c0c0f1518131315131318110c0c0c0c0c0c110c0c0c0c0c0c0c0c0c0c0c0c0c0c0c0c0c0c0c0c0c0c0c0c0c0c0c0c010d0b0b0d0e0d100e0e10140e0e0e14140e0e0e0e14110c0c0c0c0c11110c0c0c0c0c0c110c0c0c0c0c0c0c0c0c0c0c0c0c0c0c0c0c0c0c0c0c0c0c0c0c0c0c0cffc0001108008d007803012200021101031101ffdd00040008ffc4013f0000010501010101010100000000000000030001020405060708090a0b0100010501010101010100000000000000010002030405060708090a0b1000010401030204020507060805030c33010002110304211231054151611322718132061491a1b14223241552c16233347282d14307259253f0e1f163733516a2b283264493546445c2a3743617d255e265f2b384c3d375e3f3462794a485b495c4d4e4f4a5b5c5d5e5f55666768696a6b6c6d6e6f637475767778797a7b7c7d7e7f711000202010204040304050607070605350100021103213112044151617122130532819114a1b14223c152d1f0332462e1728292435315637334f1250616a2b283072635c2d2449354a317644555367465e2f2b384c3d375e3f34694a485b495c4d4e4f4a5b5c5d5e5f55666768696a6b6c6d6e6f62737475767778797a7b7c7ffda000c03010002110311003f00f4f4924925292492494a492492534fab754a3a5e23b26ed4f15b7f79d12b9c762fd76ea1196dce1815bbdcca48e07e683531a7ff0005b1ef59ff00e32b37346561d186c373a906d35379d3f4aef68f73bd957d155aefafbd670feaf55d46ec0d8dc8bdf5d04bc9706b608f59b6b3e8bddbabadea391913a1f0fab2c40001237d75fdd7b0e83d632b32ec8c0ea15b6acdc40d2e2c3edb18ed1b6b7fb4d5b0b81e85d7eccafac9d36fb6af42dea18ce6d95933ed976cecdfdddebbe4e81246bb8d16e48812d363aa924924e58a4924925292492494ff00ffd0f4f4924925292492494a489804f31d824b9debdf5c31fa5df661d14bb2722b6fbc8706b1848f6b5ce87ee7fe77d146313235116ab782bbeb36565fd64c6ea2ec67345595b2c693b6038fa3b7dff9cd5de0cce9f67ab6597d768236be97b007b239658d2ddfed8fce5e5fd4dd919378ea4f76ec9790eb5ee221cff00dff00aa5b395f58eacbfab97b6cadd5f5bf47d12582458dd2bf577b7f3bd3554c25295006f63ddb42422353a568e97d55cd6758fae0dea15003169f56bc366d870ac361d6d9fd677f36bd21719fe2d3a1d7d3fa3fdbecb1965f9200dad209a9a3fc13c83fcebbfc233f31756fcad7da3453c23c22b6609cb88db61243aae1669c3bc111396292492494a49249253fffd1f4f49249252924924948b2f26bc4c5bb2adfa1431d63be0d1b978e3f2adb5f6db6b897dee73de4f249ff007af43ff181d45987d01d46efd2e63db531a3bb410fb7fb2bccac2eac37772ffe2ad72c2a249ea7f25b258d01f431818ebacb63656c92e2f71da3d36fefad1ea1f573a9fd5fa69bf33d37577887bab24b98e3ee6d567fe4dbec42faab6db7f55c16554bcb9b6876f1f9ad07df61fdd6ae87fc61f5cd829e8e6bdc6e6b321d66e8fa2e73366c1fbcd0abe4f4e7891fa544b346ce3aed61cffab3d4acc0eaf48ac914e639b4dcdec777d17387f21ff457a1176abcab0ee6b3268b1a7f9bb6b7807c9cd30bd4cfd22a6e645481ee1861b27a1f0f055f59b502480395a4abae5249249294924924a7ffd2f4f492492529667d62ebd8bd07a6bf3b27dc410caaa9da5ef3f9bb8fd1fe5ad35e23f5f333233beb7750af24b9d5e258daa8a893b5b5868ddb19ff0009bbd4494dbfac3f599ff583368cab5871aaaebfd1d125dac93bb56b3e92abd2f06ceb1d4b1f15d69635e4c911a08dc5db7f92c0a89f7886e80c07c1edfbbfda52a7abbba6e6b7d0816412f79e1bb84395d90e1c7e9deaa3fde5b1a245ed7abdee7f56e83f52fa78a302b6d99567d0ac997d8efdfb5ffe8ffe87fa35e7f9b9bd43aa67599fd45c1d73c4068d035a0fb58d6fe6b5a82f2ecacbb32f22c37d8f225eed4cc7fd1637f318a731a780d143839703d533c523d5764c97a0d026c477e971c762f683f095ec5dd78ff4f6fad9f8b4468fb981df0dc17af8e4a5cc1d62b60ddc3a8cef3c46855b41c4334c78146502e5249249294924924a7fffd3f4f492492529717f5ebea455d4597f5ae9cd70ea8d634d950236dcd644fb4fd1b9b50fccfe71768924a7e7cbae6564398dfd33be88d6278dce1fc951ab1aa1ea3ec712e0d92e3c971fa35b5bfca72f49fadbfe2edb9773ba8f48686d87dd6e2e825dfbf44fb7ddfe8d79b598997575075394c351c72658e04191ddcd2a6e39642223f97ef15b55aa5601ee81001881c4f74e22426a9d2c9fde248f84a53c2b4360b1b7d2f26ac6ea58b7ddfcdd5735cf3fc905b2bd7591db59eebc51e743e65e3fe8af5cfab59272fa2615e4cb8d4d6b8f9b3f46effa955f981b1fa2f8bbf864005bdf956152a0c3c1f3575575ca4924925292492494ff00ffd4f4f4924925292492494c2fbebc6a2cc8b8edaa96bac79fe4b46e72f0aeadd42dcfcdc9cdb7f9dc9b0b8f94fd167fd6d8bd33fc63f56185d146235d16663a1daf15b3df67f9ced8c5e5065ce9ecdd7e6559c11a04f7d16c99b7dad007002883a0f8ff0004e0e8a239f84fe4532d5ac204ff0068ff00d05e8ffe2ef2c5bd1df887e9e2be7fb360dcdffa41ebcd6d3ef8f8fe21abb1ff0017b906aeb2ea27db7d6e6c79b7f48dff00a9728f28b8cbc3548ddf4aa04bc057156c712ff872acaa8bd4924924a524924929ffd5f4f4924925292490f26f66363db93668ca58eb1df068dc929f27ff00187d47edfd6ecac19a71cfa23c22bfa7fe7dce7ae5871b87c51fa8e43b22f738ccbc92f3e64ef77fd22a02bfd1077127f057622801d82c581d141ce01c4130110b406caa963b73a072512514958459608d79fc36ae8beaabdd8dd7b0deed03ac0d3fda9aff00efeb9ea03596b070003f890b63a7d9b73b19e396db59fb9cd43a11dd34fb252edaf1f72b4a983ee3f15701900aa4bd4924924a524924929fffd6f4f49249252973df5f3a80c1fab393076bf24b686ff68cbfff000363d742bcdffc68f5865b958dd1eb749c71ebe401d9ce11535dff005bf727e3173083b3c16aeb00d4ee2ad5e21ac68d204c782af4bda32413f98dd078928af739ce2e71d4ab56b422b4c30aad5b4b9e4f8235cedc3681c7750a07b27c50dc8525aa37ee20c0d08891af9ab953857635ec1f44823e4772036b3f6773c38805d11f012a4d71d92ed63f2a77553edb4582da9968e2c6878f8386e57aa32c1e4b37a7b3d3c1c6ac99d94d6d9f186b55fa0e842a2775e952492494a49249253fffd7f4f492492523befa71a8b322f706534b4bec71e035a3739782f51cdb33ba8e5e7dc497e45aeb35f03f407f9abd6bebf0ff00b1f76f368c716b3d7150065bdbd59737655bff00aff98bc772a35d9c7e2a7c15a9fd2ecb648e827d5738f823b8b9da3753e28789e8fadfa62e1548ddb44bbf12d5ab60e8e7fa3baf023da1cd61d7e3bdae525d77539c6bdad23f3b593e6a35b61a0780d5596ecdc7524ff2847f1720e9bfca53a035416d9ac0e9ed77773c9fe080c05e24fd16fe255ab76fd806c9dd036cff00d255e98f4847d18d27c12507d93a3586de938561e5d4564ff9ad5a549f72c6fab9bbf60f4fdfcfa0cfba345af54ee0a9cb73e6bdb0924920a524924929ffd9ffed10ea50686f746f73686f7020332e30003842494d04040000000000071c0200000287d1003842494d0425000000000010a5a4a6101a424f15ac5a1d6356d6117f3842494d042f00000000004a7000010048000000480000000000000000000000d002000040020000000000000000000018030000640200000001c0030000b004000001000f270100720031002e006a007000670000003842494d03ed00000000001000f000000001000100f00000000100013842494d042600000000000e000000000000000000003f8000003842494d040d0000000000040000001e3842494d04190000000000040000001e3842494d03f3000000000009000000000000000001003842494d040a00000000000100003842494d271000000000000a000100000000000000023842494d03f5000000000048002f66660001006c66660006000000000001002f6666000100a1999a0006000000000001003200000001005a00000006000000000001003500000001002d000000060000000000013842494d03f80000000000700000ffffffffffffffffffffffffffffffffffffffffffff03e800000000ffffffffffffffffffffffffffffffffffffffffffff03e800000000ffffffffffffffffffffffffffffffffffffffffffff03e800000000ffffffffffffffffffffffffffffffffffffffffffff03e800003842494d0408000000000010000000010000024000000240000000003842494d041e000000000004000000003842494d041a0000000003390000000600000000000000000000008d0000007800000002006300650000000100000000000000000000000000000000000000010000000000000000000000780000008d00000000000000000000000000000000010000000000000000000000000000000000000010000000010000000000006e756c6c0000000200000006626f756e64734f626a6300000001000000000000526374310000000400000000546f70206c6f6e6700000000000000004c6566746c6f6e67000000000000000042746f6d6c6f6e670000008d00000000526768746c6f6e670000007800000006736c69636573566c4c73000000014f626a6300000001000000000005736c6963650000001200000007736c69636549446c6f6e67000000000000000767726f757049446c6f6e6700000000000000066f726967696e656e756d0000000c45536c6963654f726967696e0000000d6175746f47656e6572617465640000000054797065656e756d0000000a45536c6963655479706500000000496d672000000006626f756e64734f626a6300000001000000000000526374310000000400000000546f70206c6f6e6700000000000000004c6566746c6f6e67000000000000000042746f6d6c6f6e670000008d00000000526768746c6f6e67000000780000000375726c54455854000000010000000000006e756c6c54455854000000010000000000004d7367655445585400000001000000000006616c74546167544558540000000100000000000e63656c6c54657874497348544d4c626f6f6c010000000863656c6c546578745445585400000001000000000009686f727a416c69676e656e756d0000000f45536c696365486f727a416c69676e0000000764656661756c740000000976657274416c69676e656e756d0000000f45536c69636556657274416c69676e0000000764656661756c740000000b6267436f6c6f7254797065656e756d0000001145536c6963654247436f6c6f7254797065000000004e6f6e6500000009746f704f75747365746c6f6e67000000000000000a6c6566744f75747365746c6f6e67000000000000000c626f74746f6d4f75747365746c6f6e67000000000000000b72696768744f75747365746c6f6e6700000000003842494d042800000000000c000000013ff00000000000003842494d041100000000000101003842494d0414000000000004000000013842494d040c000000000aca00000001000000780000008d000001680000c64800000aae00180001ffd8ffe000104a46494600010200004800480000ffed000c41646f62655f434d0002ffee000e41646f626500648000000001ffdb0084000c08080809080c09090c110b0a0b11150f0c0c0f1518131315131318110c0c0c0c0c0c110c0c0c0c0c0c0c0c0c0c0c0c0c0c0c0c0c0c0c0c0c0c0c0c0c0c0c0c010d0b0b0d0e0d100e0e10140e0e0e14140e0e0e0e14110c0c0c0c0c11110c0c0c0c0c0c110c0c0c0c0c0c0c0c0c0c0c0c0c0c0c0c0c0c0c0c0c0c0c0c0c0c0c0cffc0001108008d007803012200021101031101ffdd00040008ffc4013f0000010501010101010100000000000000030001020405060708090a0b0100010501010101010100000000000000010002030405060708090a0b1000010401030204020507060805030c33010002110304211231054151611322718132061491a1b14223241552c16233347282d14307259253f0e1f163733516a2b283264493546445c2a3743617d255e265f2b384c3d375e3f3462794a485b495c4d4e4f4a5b5c5d5e5f55666768696a6b6c6d6e6f637475767778797a7b7c7d7e7f711000202010204040304050607070605350100021103213112044151617122130532819114a1b14223c152d1f0332462e1728292435315637334f1250616a2b283072635c2d2449354a317644555367465e2f2b384c3d375e3f34694a485b495c4d4e4f4a5b5c5d5e5f55666768696a6b6c6d6e6f62737475767778797a7b7c7ffda000c03010002110311003f00f4f4924925292492494a492492534fab754a3a5e23b26ed4f15b7f79d12b9c762fd76ea1196dce1815bbdcca48e07e683531a7ff0005b1ef59ff00e32b37346561d186c373a906d35379d3f4aef68f73bd957d155aefafbd670feaf55d46ec0d8dc8bdf5d04bc9706b608f59b6b3e8bddbabadea391913a1f0fab2c40001237d75fdd7b0e83d632b32ec8c0ea15b6acdc40d2e2c3edb18ed1b6b7fb4d5b0b81e85d7eccafac9d36fb6af42dea18ce6d95933ed976cecdfdddebbe4e81246bb8d16e48812d363aa924924e58a4924925292492494ff00ffd0f4f4924925292492494a489804f31d824b9debdf5c31fa5df661d14bb2722b6fbc8706b1848f6b5ce87ee7fe77d146313235116ab782bbeb36565fd64c6ea2ec67345595b2c693b6038fa3b7dff9cd5de0cce9f67ab6597d768236be97b007b239658d2ddfed8fce5e5fd4dd919378ea4f76ec9790eb5ee221cff00dff00aa5b395f58eacbfab97b6cadd5f5bf47d12582458dd2bf577b7f3bd3554c25295006f63ddb42422353a568e97d55cd6758fae0dea15003169f56bc366d870ac361d6d9fd677f36bd21719fe2d3a1d7d3fa3fdbecb1965f9200dad209a9a3fc13c83fcebbfc233f31756fcad7da3453c23c22b6609cb88db61243aae1669c3bc111396292492494a49249253fffd1f4f49249252924924948b2f26bc4c5bb2adfa1431d63be0d1b978e3f2adb5f6db6b897dee73de4f249ff007af43ff181d45987d01d46efd2e63db531a3bb410fb7fb2bccac2eac37772ffe2ad72c2a249ea7f25b258d01f431818ebacb63656c92e2f71da3d36fefad1ea1f573a9fd5fa69bf33d37577887bab24b98e3ee6d567fe4dbec42faab6db7f55c16554bcb9b6876f1f9ad07df61fdd6ae87fc61f5cd829e8e6bdc6e6b321d66e8fa2e73366c1fbcd0abe4f4e7891fa544b346ce3aed61cffab3d4acc0eaf48ac914e639b4dcdec777d17387f21ff457a1176abcab0ee6b3268b1a7f9bb6b7807c9cd30bd4cfd22a6e645481ee1861b27a1f0f055f59b502480395a4abae5249249294924924a7ffd2f4f492492529667d62ebd8bd07a6bf3b27dc410caaa9da5ef3f9bb8fd1fe5ad35e23f5f333233beb7750af24b9d5e258daa8a893b5b5868ddb19ff0009bbd4494dbfac3f599ff583368cab5871aaaebfd1d125dac93bb56b3e92abd2f06ceb1d4b1f15d69635e4c911a08dc5db7f92c0a89f7886e80c07c1edfbbfda52a7abbba6e6b7d0816412f79e1bb84395d90e1c7e9deaa3fde5b1a245ed7abdee7f56e83f52fa78a302b6d99567d0ac997d8efdfb5ffe8ffe87fa35e7f9b9bd43aa67599fd45c1d73c4068d035a0fb58d6fe6b5a82f2ecacbb32f22c37d8f225eed4cc7fd1637f318a731a780d143839703d533c523d5764c97a0d026c477e971c762f683f095ec5dd78ff4f6fad9f8b4468fb981df0dc17af8e4a5cc1d62b60ddc3a8cef3c46855b41c4334c78146502e5249249294924924a7fffd3f4f492492529717f5ebea455d4597f5ae9cd70ea8d634d950236dcd644fb4fd1b9b50fccfe71768924a7e7cbae6564398dfd33be88d6278dce1fc951ab1aa1ea3ec712e0d92e3c971fa35b5bfca72f49fadbfe2edb9773ba8f48686d87dd6e2e825dfbf44fb7ddfe8d79b598997575075394c351c72658e04191ddcd2a6e39642223f97ef15b55aa5601ee81001881c4f74e22426a9d2c9fde248f84a53c2b4360b1b7d2f26ac6ea58b7ddfcdd5735cf3fc905b2bd7591db59eebc51e743e65e3fe8af5cfab59272fa2615e4cb8d4d6b8f9b3f46effa955f981b1fa2f8bbf864005bdf956152a0c3c1f3575575ca4924925292492494ff00ffd4f4f4924925292492494c2fbebc6a2cc8b8edaa96bac79fe4b46e72f0aeadd42dcfcdc9cdb7f9dc9b0b8f94fd167fd6d8bd33fc63f56185d146235d16663a1daf15b3df67f9ced8c5e5065ce9ecdd7e6559c11a04f7d16c99b7dad007002883a0f8ff0004e0e8a239f84fe4532d5ac204ff0068ff00d05e8ffe2ef2c5bd1df887e9e2be7fb360dcdffa41ebcd6d3ef8f8fe21abb1ff0017b906aeb2ea27db7d6e6c79b7f48dff00a9728f28b8cbc3548ddf4aa04bc057156c712ff872acaa8bd4924924a524924929ffd5f4f4924925292490f26f66363db93668ca58eb1df068dc929f27ff00187d47edfd6ecac19a71cfa23c22bfa7fe7dce7ae5871b87c51fa8e43b22f738ccbc92f3e64ef77fd22a02bfd1077127f057622801d82c581d141ce01c4130110b406caa963b73a072512514958459608d79fc36ae8beaabdd8dd7b0deed03ac0d3fda9aff00efeb9ea03596b070003f890b63a7d9b73b19e396db59fb9cd43a11dd34fb252edaf1f72b4a983ee3f15701900aa4bd4924924a524924929fffd6f4f49249252973df5f3a80c1fab393076bf24b686ff68cbfff000363d742bcdffc68f5865b958dd1eb749c71ebe401d9ce11535dff005bf727e3173083b3c16aeb00d4ee2ad5e21ac68d204c782af4bda32413f98dd078928af739ce2e71d4ab56b422b4c30aad5b4b9e4f8235cedc3681c7750a07b27c50dc8525aa37ee20c0d08891af9ab953857635ec1f44823e4772036b3f6773c38805d11f012a4d71d92ed63f2a77553edb4582da9968e2c6878f8386e57aa32c1e4b37a7b3d3c1c6ac99d94d6d9f186b55fa0e842a2775e952492494a49249253fffd7f4f492492523befa71a8b322f706534b4bec71e035a3739782f51cdb33ba8e5e7dc497e45aeb35f03f407f9abd6bebf0ff00b1f76f368c716b3d7150065bdbd59737655bff00aff98bc772a35d9c7e2a7c15a9fd2ecb648e827d5738f823b8b9da3753e28789e8fadfa62e1548ddb44bbf12d5ab60e8e7fa3baf023da1cd61d7e3bdae525d77539c6bdad23f3b593e6a35b61a0780d5596ecdc7524ff2847f1720e9bfca53a035416d9ac0e9ed77773c9fe080c05e24fd16fe255ab76fd806c9dd036cff00d255e98f4847d18d27c12507d93a3586de938561e5d4564ff9ad5a549f72c6fab9bbf60f4fdfcfa0cfba345af54ee0a9cb73e6bdb0924920a524924929ffd93842494d042100000000005500000001010000000f00410064006f00620065002000500068006f0074006f00730068006f00700000001300410064006f00620065002000500068006f0074006f00730068006f0070002000430053003300000001003842494d04060000000000070002000000010100ffe10e99687474703a2f2f6e732e61646f62652e636f6d2f7861702f312e302f003c3f787061636b657420626567696e3d22efbbbf222069643d2257354d304d7043656869487a7265537a4e54637a6b633964223f3e203c783a786d706d65746120786d6c6e733a783d2261646f62653a6e733a6d6574612f2220783a786d70746b3d2241646f626520584d5020436f726520342e312d633033362034362e3237363732302c204d6f6e2046656220313920323030372032323a34303a30382020202020202020223e203c7264663a52444620786d6c6e733a7264663d22687474703a2f2f7777772e77332e6f72672f313939392f30322f32322d7264662d73796e7461782d6e7323223e203c7264663a4465736372697074696f6e207264663a61626f75743d222220786d6c6e733a7861703d22687474703a2f2f6e732e61646f62652e636f6d2f7861702f312e302f2220786d6c6e733a64633d22687474703a2f2f7075726c2e6f72672f64632f656c656d656e74732f312e312f2220786d6c6e733a70686f746f73686f703d22687474703a2f2f6e732e61646f62652e636f6d2f70686f746f73686f702f312e302f2220786d6c6e733a7861704d4d3d22687474703a2f2f6e732e61646f62652e636f6d2f7861702f312e302f6d6d2f2220786d6c6e733a746966663d22687474703a2f2f6e732e61646f62652e636f6d2f746966662f312e302f2220786d6c6e733a657869663d22687474703a2f2f6e732e61646f62652e636f6d2f657869662f312e302f22207861703a437265617465446174653d22323031352d30392d31315431313a30353a33382b30353a333022207861703a4d6f64696679446174653d22323031352d30392d31355431313a30303a35392b30353a333022207861703a4d65746164617461446174653d22323031352d30392d31355431313a30303a35392b30353a333022207861703a43726561746f72546f6f6c3d2241646f62652050686f746f73686f70204353332057696e646f7773222064633a666f726d61743d22696d6167652f6a706567222070686f746f73686f703a436f6c6f724d6f64653d2233222070686f746f73686f703a486973746f72793d2222207861704d4d3a496e7374616e636549443d22757569643a34324433413345463641354245353131393731313935374441454230453030442220746966663a4f7269656e746174696f6e3d22312220746966663a585265736f6c7574696f6e3d22323430303030302f31303030302220746966663a595265736f6c7574696f6e3d22323430303030302f31303030302220746966663a5265736f6c7574696f6e556e69743d22322220746966663a4e61746976654469676573743d223235362c3235372c3235382c3235392c3236322c3237342c3237372c3238342c3533302c3533312c3238322c3238332c3239362c3330312c3331382c3331392c3532392c3533322c3330362c3237302c3237312c3237322c3330352c3331352c33333433323b44384235303133373742393939363630363532453336464631333446423536412220657869663a506978656c5844696d656e73696f6e3d223132302220657869663a506978656c5944696d656e73696f6e3d223134312220657869663a436f6c6f7253706163653d222d312220657869663a4e61746976654469676573743d2233363836342c34303936302c34303936312c33373132312c33373132322c34303936322c34303936332c33373531302c34303936342c33363836372c33363836382c33333433342c33333433372c33343835302c33343835322c33343835352c33343835362c33373337372c33373337382c33373337392c33373338302c33373338312c33373338322c33373338332c33373338342c33373338352c33373338362c33373339362c34313438332c34313438342c34313438362c34313438372c34313438382c34313439322c34313439332c34313439352c34313732382c34313732392c34313733302c34313938352c34313938362c34313938372c34313938382c34313938392c34313939302c34313939312c34313939322c34313939332c34313939342c34313939352c34313939362c34323031362c302c322c342c352c362c372c382c392c31302c31312c31322c31332c31342c31352c31362c31372c31382c32302c32322c32332c32342c32352c32362c32372c32382c33303b3035334230443141313737393441424538334434454245373237393941303046222f3e203c2f7264663a5244463e203c2f783a786d706d6574613e2020202020202020202020202020202020202020202020202020202020202020202020202020202020202020202020202020202020202020202020202020202020202020202020202020202020202020202020202020202020202020202020202020202020202020202020202020202020202020202020202020202020202020202020202020202020202020202020202020202020202020202020202020202020202020202020202020202020202020202020202020202020202020202020202020202020202020202020202020202020202020202020202020202020202020202020202020202020202020202020202020202020202020202020202020202020202020202020202020202020202020202020202020202020202020202020202020202020202020202020202020202020202020202020202020202020202020202020202020202020202020202020202020202020202020202020202020202020202020202020202020202020202020202020202020202020202020202020202020202020202020202020202020202020202020202020202020202020202020202020202020202020202020202020202020202020202020202020202020202020202020202020202020202020202020202020202020202020202020202020202020202020202020202020202020202020202020202020202020202020202020202020202020202020202020202020202020202020202020202020202020202020202020202020202020202020202020202020202020202020202020202020202020202020202020202020202020202020202020202020202020202020202020202020202020202020202020202020202020202020202020202020202020202020202020202020202020202020202020202020202020202020202020202020202020202020202020202020202020202020202020202020202020202020202020202020202020202020202020202020202020202020202020202020202020202020202020202020202020202020202020202020202020202020202020202020202020202020202020202020202020202020202020202020202020202020202020202020202020202020202020202020202020202020202020202020202020202020202020202020202020202020202020202020202020202020202020202020202020202020202020202020202020202020202020202020202020202020202020202020202020202020202020202020202020202020202020202020202020202020202020202020202020202020202020202020202020202020202020202020202020202020202020202020202020202020202020202020202020202020202020202020202020202020202020202020202020202020202020202020202020202020202020202020202020202020202020202020202020202020202020202020202020202020202020202020202020202020202020202020202020202020202020202020202020202020202020202020202020202020202020202020202020202020202020202020202020202020202020202020202020202020202020202020202020202020202020202020202020202020202020202020202020202020202020202020202020202020202020202020202020202020202020202020202020202020202020202020202020202020202020202020202020202020202020202020202020202020202020202020202020202020202020202020202020202020202020202020202020202020202020202020202020202020202020202020202020202020202020202020202020202020202020202020202020202020202020202020202020202020202020202020202020202020202020202020202020202020202020202020202020202020202020202020202020202020202020202020202020202020202020202020202020202020202020202020202020202020202020202020202020202020202020202020202020202020202020202020202020202020202020202020202020202020202020202020202020202020202020202020202020202020202020202020202020202020202020202020202020202020202020202020202020202020202020202020202020202020202020202020202020202020202020202020202020202020202020202020202020202020202020202020202020202020202020202020202020202020202020202020202020202020202020202020202020202020202020202020202020202020202020202020202020202020202020202020202020202020202020202020202020202020202020202020202020202020202020202020202020202020202020202020202020202020202020202020202020202020202020202020202020202020202020202020202020202020202020202020202020202020202020202020202020202020202020202020202020202020202020202020202020202020202020202020202020202020202020202020202020202020202020202020202020202020202020202020202020202020202020202020202020202020202020202020202020202020202020202020202020202020202020202020202020202020202020202020202020202020202020202020202020202020202020202020202020202020202020202020202020202020202020202020202020202020202020202020202020202020202020202020202020202020202020202020202020202020202020202020202020202020202020202020202020202020202020202020202020202020202020202020202020202020202020203c3f787061636b657420656e643d2277223f3effee000e41646f626500648000000001ffdb008400080606060606080606080c0807080c0e0a08080a0e100d0d0e0d0d10110c0c0c0c0c0c110c0c0c0c0c0c0c0c0c0c0c0c0c0c0c0c0c0c0c0c0c0c0c0c0c0c0c0c01090808090a090b09090b0e0b0d0b0e110e0e0e0e11110c0c0c0c0c11110c0c0c0c0c0c110c0c0c0c0c0c0c0c0c0c0c0c0c0c0c0c0c0c0c0c0c0c0c0c0c0c0c0cffc0001108008d007803012200021101031101ffdd00040008ffc401a20000000701010101010000000000000000040503020601000708090a0b0100020203010101010100000000000000010002030405060708090a0b1000020103030204020607030402060273010203110400052112314151061361227181143291a10715b14223c152d1e1331662f0247282f12543345392a2b26373c235442793a3b33617546474c3d2e2082683090a181984944546a4b456d355281af2e3f3c4d4e4f465758595a5b5c5d5e5f566768696a6b6c6d6e6f637475767778797a7b7c7d7e7f738485868788898a8b8c8d8e8f82939495969798999a9b9c9d9e9f92a3a4a5a6a7a8a9aaabacadaeafa110002020102030505040506040803036d0100021103042112314105511361220671819132a1b1f014c1d1e1234215526272f1332434438216925325a263b2c20773d235e2448317549308090a18192636451a2764745537f2a3b3c32829d3e3f38494a4b4c4d4e4f465758595a5b5c5d5e5f5465666768696a6b6c6d6e6f6475767778797a7b7c7d7e7f738485868788898a8b8c8d8e8f839495969798999a9b9c9d9e9f92a3a4a5a6a7a8a9aaabacadaeafaffda000c03010002110311003f00eef9b366c55d9b366c55d9b366c552cd775ab5d06c1af6e4d5b75863e9cde95a7fabfcd90a7b2fcc8d638ea31eaaba5c4ff1c56c45283aa831229a7fcf591df0a3f38b51d456fb4eb5d36337125ba99dadd0eff09f55aaa3e26f822fb2bfb3806e3f347cc5a6794e0d66e749f4d2eeea486d59a4667544008f596542555d8b471b9fe4fb394ccc89f49e46aaf7b6f844088246e77b236e17a4795fcc17da8dc5e691ac40b06a7a78467319aa4b1bd42caa0f4f89724b9c8bcb3e699aff00ce1a25d5c41f569f56b36496126bf0f26e1b80bdd55fece75dc9e391947d5cc120b0cb11196dc8805d9b366c9b5bb366cd8abb366cd8abffd0eef9b366c55d9b366c55d989a02695a0ad0753ed9b219e68fcc0b5d0ae66d36d6d9af2f21506560c1238d9855559887e4f4f8b8f1c9421299a88b2826b9bc8a7f395eea1e70b2d65ec5d0417c62991982d048c61e3f1d3e251c47c5fcaf9d706a1a54debcf35dc53860565b7963512474ea92295e63891f65b3836b2d757b7435b91f9de4855ee247238bcbdc05db6fe6c935ef9be0d47ca17492c2f1799cdb7d58b44a59664a88ccbcd7a308ebd7e2e6b98071ca72e18c4936411cc876024211b91dab6eef8275e48d463f327e60c7ac5ba81636febc1a6c7c68c2109469643fe537c51ff00272cedb9ccbf26fcb3168fe5f1ab4d2c72dd5e281c63218c0837f49c82692b7da913f63ece74092fa8df00dbb139958e3c22aab7e4e2659f14aeef646e6c460b859b63b37862d936b766cd9b15766cd9b157ffd1eef9b366c55d9b366c550f7d79169f65737f3ff756b13ccff2452d9e6b92f67b87b8b89dcb4972cd2cac4d49663b93f7e764fcd6d5d34df2b49681a93ea322c11a0ea5148797fd8d388ff659c2e62f12a73eaf5dbe799fa38d44c8ff0011af806b993f269ad965b58a258dee269e9e9431559da563c47a6bfce3fe1b0e755f286b5e4eb7b5bad48c4f0dc82b2bc44b344e7e258a4e9b8fe75f8310f23cd3dd6b9a5c705b48ce9387f517a22a93ce43fcab41932fcdaf330885b796cc3cdae123bb926e741f03b270e03f99477cc4cd50d5c243f8a89adbc9ca8132c2474008dd26f26eb12e91afdb08588b6d41d6dae53b3733f0b30fe6473556cec65b7ce03a75c24577693231fdd4f0caa0eff65d4d3e919decfda3f3cbf5b1027123a871b19d8a2eda4e3229ed5c37c24854b300bb9276c3bed988cdd9b366c55d9b366c55ffd2eef9b366c55d847e6df33d97947479355bd1cc8611c10720a6490fecf23f6401f13b61e6796bf34350bbd57cfdabc37ccef0d84c96f696ec4f058420e5c13a03216f5397f958aa61e6bf393f9c351b4bfb888d9c10c3fb9b50c5c56a4f224aa7daf9601d174c97cc9ac59d83dc189256356007c2bc4b16e3e2a836e4d852dfbd144d94d04943b53f947fad8fb7d7df44d453eaa02cd4632cadb84e428df866ca60c31110e74044f2f51e47fdf308d190e2e5767dc1eb9a9ebbe57fcb1d285ae910acd7d28fdd444f29666fe795fafa60ff00b0ff007de71fd4751d575ed4e6d5f5960d732285083654504f1455fd955ae06919afefe6d46f2537534847291cd4d69d287eca2fec26280952450d00a0fa328d369446f2643c72279ddb3cb98cbd311c207444d83fefacc7632a29f972ae7a4ff68e79bb494facea9616943c64b88c3ffabea0e9efd73d20bf68fcf1d59de03b81610ea9a69f0b06f54fd9a1a1f7c30c0d606b6e07704e09cc466ecd9b362aecd9b362afffd3eef9b366c55d9cc3f337f2da0d663bbf3468cae35c48d4cd0291c2e523a57e13baccb10f8781fde71ce9f9b157c753dc4709578d07d65c5501a8504edc987f9389c3670012cb3484c817933b7da673f66355e9f131cedfe7cfca54d42e1f5af2e22accc4bcf61b0e4dd4bc15a2866ff7dd7fd4ce233585fc1aabdbdfc4d01b563ca27055830eeca7e7993e24f298c06dc81ff7c58d01655e30bf1f1000069c57a540a9fd79629c8139503728b974e44903d89db357ec9199a2800035265a25dc165ac585d5c0a4305ca3c87fc8565ae7a2e3a1e86b5dc11df3cbf21f848ec4c83fe109cf44f93af0ea3e5bd2eed8f2668111cff9518f4dbfe23989ab1f4cbe0d90ee65da7b00196bb9a118370b2d8959148f1c33cc466ecd9b362aecd9b362afffd4eef9b366c55d9b366c554aeae61b2b69af2e1b8c16f1b4b2b782a0e4dfab3c9faf6ab3eafa8df6a939acf7b2973edcbeca7fcf34f873b9fe6f6bc34bf2e0d3e36e336a0c4390694862a3c95f666e099e7c3576e5d428afd2dfd999ba58544cbacb61ee6133bd2aa515028e8053180ecbf3fe1960d463075f913fa8664b05b2903957afc647fc8ba676cfca5bf59fcbf269c7fbcb296b4f1494725ff860f9c3e6359287b86fc5546749fca7bb3079864b5ad16ea17423b552922ffc45b29cd1e284fcb7f9328ec43dbed96b228f7ae19e01b45ac80f80a9c1d9af6c766cd9b15766cd9b157fffd5eef9b366c55d9bfcc66c46eeea3b1b49ef66348eda3799cfb20e5fc3157cf7f9b3ab1d5bcc9342ad5b7b422dd686a38c3bbffc1cccf9015a91cd7c6b4df056af76f7972ee6a5a462d2376ab1e6dbff00ac71310fee15ba72269f2cd9c622200ee14d4772b54ed893b856604d057f862e542a924f4c2f95f9b903ab1a6194a86cb4af19134c38efd7f0e3933f23c8d63e68d365734569950fca4063ff008df21d6a1639a30050056fbc91923d265f4f53b2901dd2e213f748b91dea40f5b07e4903ec7d2f6edc241efb60fc2d07e23ec4e18a9aa83e2335ad8de6cd9b15766cd9b157ffd6eef9b28e6c55bc877e68eaa34bf26de90dc64bc29691ff00cf4357ff009268f930ce29f9d9e608a7bdb2f2dc0fc8da0fad5da8e8249052256f947f17fb3cb30c78b24479dfc90760f24359250373c8fdff00ed60eba5a2c6a36a0ad3c076180ade445bc0cdd234242f893822576762eedb9ede1ed99e4f360028ced48cfbe00894bc85bb2febc1570fcc7051d3a9c4ad8512be24e0e721e4a5110d3d4e4ca68bb1045577f7c3181c432acb10a706561fec4f2c0a9137d51e4121505c2f114a1a027c31e8e7d3ab1ad06c7dce4baaf47d476d32dc4115c2fd9991641f2701bf8e1ac06b18f6db097498fd1d32ca12797a76f0a961d0d23515c37b63b119ac3ccb62be6cd9b02bb366cd8abfffd7eee72b2ce562aa573730595b4d7974e23b7b74696676e8110726273c8fabea536ababea1ab5c92d25e4ef354f5e24fc03e85e2b9e87fcd315f2ab991a7168278beb42dd41aa54d04a4b2948b9f1fe7f8b8679b6f78fc5e97d9fc7fceb995a6e1a27f8bb98c946d89f5e490f5a01be0a6676d94549dab88580b73707eb25c4151cca005e94f72b92198797cef66f72a28780748dbe2edbf356ff85cb78aba1e67a2124688a2328ddb7e47de9b63614e2aaa7b0df06a08c3b6e49efc801fc5b036dea6dd2b96631b924eec4a62d085d2a371d5a463f853f86058c3482adf61761ee7074fc3f458f4ebce83857a77e447be04b7e3e8af1af0a6d5eb4f7f7c6f9fbd21f4af97a633e85a5cc7abda404ffc028c3bb73f181e391bf2873ff0c691ea7dafaac7f7536fc32430d79afcf35b2fa8fbcb6237366cd815d9b366c55fffd9);
INSERT INTO `imagen` (`id_imagen`, `imagen`) VALUES
(2, 0xffd8ffe000104a4649460001020100f000f00000ffe10db64578696600004d4d002a000000080007011200030000000100010000011a00050000000100000062011b0005000000010000006a012800030000000100020000013100020000001c0000007201320002000000140000008e8769000400000001000000a4000000d000249f000000271000249f000000271041646f62652050686f746f73686f70204353332057696e646f777300323031353a30393a31352031313a30343a31300000000003a001000300000001ffff0000a00200040000000100000064a0030004000000010000009c0000000000000006010300030000000100060000011a0005000000010000011e011b0005000000010000012601280003000000010002000002010004000000010000012e020200040000000100000c800000000000000048000000010000004800000001ffd8ffe000104a46494600010200004800480000ffed000c41646f62655f434d0002ffee000e41646f626500648000000001ffdb0084000c08080809080c09090c110b0a0b11150f0c0c0f1518131315131318110c0c0c0c0c0c110c0c0c0c0c0c0c0c0c0c0c0c0c0c0c0c0c0c0c0c0c0c0c0c0c0c0c0c010d0b0b0d0e0d100e0e10140e0e0e14140e0e0e0e14110c0c0c0c0c11110c0c0c0c0c0c110c0c0c0c0c0c0c0c0c0c0c0c0c0c0c0c0c0c0c0c0c0c0c0c0c0c0c0cffc0001108009c006403012200021101031101ffdd00040007ffc4013f0000010501010101010100000000000000030001020405060708090a0b0100010501010101010100000000000000010002030405060708090a0b1000010401030204020507060805030c33010002110304211231054151611322718132061491a1b14223241552c16233347282d14307259253f0e1f163733516a2b283264493546445c2a3743617d255e265f2b384c3d375e3f3462794a485b495c4d4e4f4a5b5c5d5e5f55666768696a6b6c6d6e6f637475767778797a7b7c7d7e7f711000202010204040304050607070605350100021103213112044151617122130532819114a1b14223c152d1f0332462e1728292435315637334f1250616a2b283072635c2d2449354a317644555367465e2f2b384c3d375e3f34694a485b495c4d4e4f4a5b5c5d5e5f55666768696a6b6c6d6e6f62737475767778797a7b7c7ffda000c03010002110311003f00f4f4924925292492494873b2eac2c4bb2eefe6e9697103bc70dfed3979dd1d2f37eb8750bb333ad2da2b3b5ad1a86cea29a5bf45bedfa6f5d0ff008c2ce38fd229c66987655c01feab06ff00fab35acefaabd6a8c4c7a31a6ab1d639c4b1ae70b0127f39a5bb5fb5459655419b0c6ecd5a3ea5f5131eaa03f09ce6db53636ba0b5c3c1c8dfe2efaed8e7ddd0725c5c6806cc52ee43018b68ff00adcef62daeb3d53ecce634bc52c7e85fb0d8e93c35ac1edff397198ed7f4afaf38b71d1975c208100b2f059ff54e4cc72a955e8c9385c6ea8bea29274cac3554924924a524924929ffd0f4f4924925292492494f9dff008cdca9cfc4a3b535ee3f1b1dff0091ad6e7d576e159f57f1722aa9bea8accb801b8904eed7fb2b8bff00185966eebb791ab584563fb036ff00d523fd4dfac1454c7747cbb4e3b49df45b3b443be9337fe6fbd57ca6f50dac42b43a6cfa2d4459bbd4a8b6223781afe2e5c07d74c915fd64a5fc7d9d95be47959bd75feb61f4fc77e4d995ea31a0bb425da013f4773f72f23eabd6afeb1d5f37a8381adb637d3a6afdd633db5eefe5fe7393602ffc15d3a8e835e2d1f7c04386e1c1d47cd2557a4dff0068e97877ff00a4a2b71f8ed6cab4ad0d9a67434a4924925292492494ff00ffd1f4f492492529033f32bc2c3bb2ac203696176bdc81ed1fe725937399b58cd1efefe01705f5dba8bdd90de9cd7c8637d4b8cf8fd11fd967b9453cb47840b2cb8f1710b2683c8f5ab1f9167aaed5ef2e7b8f9b958faa5855e65dfa5125a43083e0e9597665fad906a66bdffb23ff0024ba5fa818f67daac7966edee0187c037dce77e2a2c9f296787cdf6bd9bba256dc6f440fd1c46d5e61f5a3a364745ea96ef6118791eec7b00d24fd3ae7f79abd95cd0e6c389f92a1d47a5e2751c6762e58f5a97f2c7007eefeaa8e12e1faeeba438bcc2bea2e6b733eace21065d44d2ffec9f6ff00d072df5cb7d56a29e9b766d187badc069aebf509e6eadbb2ed9fbdb19e9b6d7ffa65d3d76b2c12d3c723b856f1ce24017a80d5c9120935a12c924924f63524924929ffd2f4f492492534336e6d765b6bfe852c93f000bdcbc7bae676466655f6375b6f76fb0f803f419fd96af4cfacd906be97d42c9d3e813e44b6b2bc733afb0e65803a24eb1e7f9aab44716491f12da278718f20c6a6fa1bc93ee7089efaff00e496e60fd6fcae995d2de9d53287d6e2eb8bbdfeb48fa3668ddb5ffc5ac015e9ca6d87c54dc00efab07b8761a07d0b03fc6856cc668ea58eeb6f2e76f7d10c686fe60656ff00a5fe7aabd53fc63dd936319d3aa7e2d1245af7ed3639aef64b39f49ec6fbd9ff000ab87f4c84a0b7e487b50bba57b92aab7ddba2bb14f4bc538d51a2835b4d753a0b834ebee7367739ff004f7fe7aba096bb7b391c8f15c1fd46fac8d3d2dd837b9ceb3125cc7448149dbb1ae7ff005dcfd8d5d9e1e536fac38190750ab4898cc8eb7a3600b8dba4d70734387053a052fdaedbd9dc7c51d5b84b8a37f6b5a71e135f62924924e5afffd3f4f4b44942e76da6c77eeb5c7ee0929e7faa620ea3d2b2b19c76fda038877819dec3fe72f15ceaeda72edaed043eb3b75ef1a6e5ee36bc57825c780d9fc1792fd73c638fd531e46b761d171f8bc39cab72f64c9b5cc69103c5c56bdd113a2234942ac230d3e2ac35545c428971ee9e35516b5f73c32b1b8b886b40eee276b424a7d37fc5374ab1b8797d4ee68356438558e0c19f4f77ab67f9ced8babc9c27e1bce462b668266ca872df1757fc8fe4a97d5ae88de85d1a8e9adb1d6fa72e739f13bdfefb1addbf99bfe82d44d942321457467289b0e7d5636d607b4ccea15da6df51bafd21f496766b4605bebfd1c5b0fbfc18f3ff007c7a9e3e4b4b85acd5a79f30abc6471cf865b7f2f536251f721c43e9ff007ae8a4948899d399f2495b6abfffd4f4f40cf7ecc1bdde0c3f8fb51d56ea62702efeacfdc4212f94f914c7e68f9879eebf658ce995b2a1eeb9cdaa476de457ff007e5c1ff8d1ac55f59994344369c4a18df8377af44ea2dddd2cbc0934c58df8b0878ffa95e67fe3272bed5f5bb29c1c0b2bae96323b0f4db6ff00e8c5072f552fa33f31771fabce30c145dc803c54c12a76bbabd3303a36556f7f51ea8de9fb5db455e93ac73847d36b9becfe4ae9fa77d43c4c97e3e6f48ea4fb5b4dac791750fae435cd7fb1d0df769fba81f54f27a5518b8f639983465171af7b996656658e07e9d584d1b6bddf9abba675ac6a1ad7e75a311a468732c654f23f7feccc3edddfcb50ce7212d2d9e30898eb4f4321dee1c151b2daea6ee7981f89f805469bc5f57a9897b5f5bf50fac8734f9b5dee485243a4cd8f3df944e635a47540c22f5969f8ad917bb301ac376d33ee0e1abbb8fa5f9aa2d606c35bcf82950cc9bb22d639aea68a61a4b9bfce388ddba974ff00375b5db5dff09ff16af574d758f68d7c4ea546314e678a6697fbb180e18ebfcbab1d8ffb3ecfce8491525638078fcbc3f460e33f8f13ffd5f4f50beb16d36547f3da5bf78534925387537d6c135bbbb4b5df91789758baeb7ab65befd6df55cd77f63f44dffa0c5ee419e964df576dc5cdf83bdcbc63eb7637d97eb2f50ab89b77b7e0f02cff00bf2ad8454a43f968d9cfac632fe5ab94d33ca9b5c210a5389561acd9aaeb2a7b6da9eeaded32d7b096b81fe4b9a99e7d5717d84bdeee5ce324ff0069c8409526928a9f4cff0014d954598b97d39ed1bf19c2fa49e432cf658dfeab6c6eeffae2f4381c70bc4fea1f54fd99f59b11ee315641fb35bae916fb5aefecdbe9af6c4a956a4924925292492494ff00ffd6f4f49249253433abdb92cb47e7b4b4fc5bfef5e55fe3430cd3d728cb03db954813fcaaced3ff0041cc5eb3d4bf9bacf83bf815c6ff008c0e8efea3d0db9350dd6e0b8dbb7c5846dbbff26ab93c39bcff006b600e2c3e5fb1f264e9dcd00e9c764c14ed764149a75510a6d08a99b5e6b70b1ba3987703e6350be89c6b7d6c6a6e3cdb5b1e7fb4d0efe2be776b4b9c18397103efd17d134562aa2ba8715b1ad1fd901a9299a49249294924924a7fffd7f4f492492534babbc578ec73b8de013f10554add55d4beb241d0b483f0573abd5eaf4cc8008696b0bc13c0dbef5ce62754a4c11ee935ba5a64458df4f74feefa8d557383c57dc36f97a3023a82f94755c6662f53cac6021b55af6b7e13ecff00a2aa437e0ad75673bf6a666f92efb45a0cebf9ee5527c02b2360d596e7cd4a4de14099e53b4a286ef4b6fa9d530d913bb22a11f17b57d0c792be7efaba27aff4e0783954ff00e7c6afa04f25252c924924a524924929ffd0f4f4924925353ac09e919c3c71aeff00cf6f5e23d1beb066e1d02a6e38beaa6b735b120893eb57ea384fe8eb7af71ea5e9fececbf567d3f42ddf1cedd8edd0be7eafd1daf8f5364376c6d89edea264f86bd5b78b262e3e2f45df831cbbdf9595764bdad6bef7bac2d6ced05c67d92a2dc4cc349b99458ea7bd81ae2de76fd38dbf495cccfa35c6ff00476e9ebc6edf1fa5f4f67f82dcb6707d5fd82cf4fed1e9faae8dbb7d1dd3ef8ddfc8fa7fcb4e1b2c96fbbca10900e56acf4b7fba667e713fc95264cd7bbf9bed11cff6bf391550eed8e86c7d5d4f172436453755612480203dba995f401e4af33fa95ff34fed38bf6eff00967d43e8447a132ef4f67a5ecdff00f863fc2ff617a5a485249249294924924a7fffd9ffed12be50686f746f73686f7020332e30003842494d04040000000000071c0200000287d1003842494d0425000000000010a5a4a6101a424f15ac5a1d6356d6117f3842494d042f00000000004a7000010048000000480000000000000000000000d002000040020000000000000000000018030000640200000001c0030000b004000001000f27010070006700000065007300000000003842494d03ed00000000001000f000000001000100f00000000100013842494d042600000000000e000000000000000000003f8000003842494d040d0000000000040000001e3842494d04190000000000040000001e3842494d03f3000000000009000000000000000001003842494d040a00000000000100003842494d271000000000000a000100000000000000023842494d03f5000000000048002f66660001006c66660006000000000001002f6666000100a1999a0006000000000001003200000001005a00000006000000000001003500000001002d000000060000000000013842494d03f80000000000700000ffffffffffffffffffffffffffffffffffffffffffff03e800000000ffffffffffffffffffffffffffffffffffffffffffff03e800000000ffffffffffffffffffffffffffffffffffffffffffff03e800000000ffffffffffffffffffffffffffffffffffffffffffff03e800003842494d0408000000000010000000010000024000000240000000003842494d041e000000000004000000003842494d041a00000000033b0000000600000000000000000000009c00000064000000030070007200310000000100000000000000000000000000000000000000010000000000000000000000640000009c00000000000000000000000000000000010000000000000000000000000000000000000010000000010000000000006e756c6c0000000200000006626f756e64734f626a6300000001000000000000526374310000000400000000546f70206c6f6e6700000000000000004c6566746c6f6e67000000000000000042746f6d6c6f6e670000009c00000000526768746c6f6e670000006400000006736c69636573566c4c73000000014f626a6300000001000000000005736c6963650000001200000007736c69636549446c6f6e67000000000000000767726f757049446c6f6e6700000000000000066f726967696e656e756d0000000c45536c6963654f726967696e0000000d6175746f47656e6572617465640000000054797065656e756d0000000a45536c6963655479706500000000496d672000000006626f756e64734f626a6300000001000000000000526374310000000400000000546f70206c6f6e6700000000000000004c6566746c6f6e67000000000000000042746f6d6c6f6e670000009c00000000526768746c6f6e67000000640000000375726c54455854000000010000000000006e756c6c54455854000000010000000000004d7367655445585400000001000000000006616c74546167544558540000000100000000000e63656c6c54657874497348544d4c626f6f6c010000000863656c6c546578745445585400000001000000000009686f727a416c69676e656e756d0000000f45536c696365486f727a416c69676e0000000764656661756c740000000976657274416c69676e656e756d0000000f45536c69636556657274416c69676e0000000764656661756c740000000b6267436f6c6f7254797065656e756d0000001145536c6963654247436f6c6f7254797065000000004e6f6e6500000009746f704f75747365746c6f6e67000000000000000a6c6566744f75747365746c6f6e67000000000000000c626f74746f6d4f75747365746c6f6e67000000000000000b72696768744f75747365746c6f6e6700000000003842494d042800000000000c000000013ff00000000000003842494d041100000000000101003842494d0414000000000004000000013842494d040c000000000c9c00000001000000640000009c0000012c0000b6d000000c8000180001ffd8ffe000104a46494600010200004800480000ffed000c41646f62655f434d0002ffee000e41646f626500648000000001ffdb0084000c08080809080c09090c110b0a0b11150f0c0c0f1518131315131318110c0c0c0c0c0c110c0c0c0c0c0c0c0c0c0c0c0c0c0c0c0c0c0c0c0c0c0c0c0c0c0c0c0c010d0b0b0d0e0d100e0e10140e0e0e14140e0e0e0e14110c0c0c0c0c11110c0c0c0c0c0c110c0c0c0c0c0c0c0c0c0c0c0c0c0c0c0c0c0c0c0c0c0c0c0c0c0c0c0cffc0001108009c006403012200021101031101ffdd00040007ffc4013f0000010501010101010100000000000000030001020405060708090a0b0100010501010101010100000000000000010002030405060708090a0b1000010401030204020507060805030c33010002110304211231054151611322718132061491a1b14223241552c16233347282d14307259253f0e1f163733516a2b283264493546445c2a3743617d255e265f2b384c3d375e3f3462794a485b495c4d4e4f4a5b5c5d5e5f55666768696a6b6c6d6e6f637475767778797a7b7c7d7e7f711000202010204040304050607070605350100021103213112044151617122130532819114a1b14223c152d1f0332462e1728292435315637334f1250616a2b283072635c2d2449354a317644555367465e2f2b384c3d375e3f34694a485b495c4d4e4f4a5b5c5d5e5f55666768696a6b6c6d6e6f62737475767778797a7b7c7ffda000c03010002110311003f00f4f4924925292492494873b2eac2c4bb2eefe6e9697103bc70dfed3979dd1d2f37eb8750bb333ad2da2b3b5ad1a86cea29a5bf45bedfa6f5d0ff008c2ce38fd229c66987655c01feab06ff00fab35acefaabd6a8c4c7a31a6ab1d639c4b1ae70b0127f39a5bb5fb5459655419b0c6ecd5a3ea5f5131eaa03f09ce6db53636ba0b5c3c1c8dfe2efaed8e7ddd0725c5c6806cc52ee43018b68ff00adcef62daeb3d53ecce634bc52c7e85fb0d8e93c35ac1edff397198ed7f4afaf38b71d1975c208100b2f059ff54e4cc72a955e8c9385c6ea8bea29274cac3554924924a524924929ffd0f4f4924925292492494f9dff008cdca9cfc4a3b535ee3f1b1dff0091ad6e7d576e159f57f1722aa9bea8accb801b8904eed7fb2b8bff00185966eebb791ab584563fb036ff00d523fd4dfac1454c7747cbb4e3b49df45b3b443be9337fe6fbd57ca6f50dac42b43a6cfa2d4459bbd4a8b6223781afe2e5c07d74c915fd64a5fc7d9d95be47959bd75feb61f4fc77e4d995ea31a0bb425da013f4773f72f23eabd6afeb1d5f37a8381adb637d3a6afdd633db5eefe5fe7393602ffc15d3a8e835e2d1f7c04386e1c1d47cd2557a4dff0068e97877ff00a4a2b71f8ed6cab4ad0d9a67434a4924925292492494ff00ffd1f4f492492529033f32bc2c3bb2ac203696176bdc81ed1fe725937399b58cd1efefe01705f5dba8bdd90de9cd7c8637d4b8cf8fd11fd967b9453cb47840b2cb8f1710b2683c8f5ab1f9167aaed5ef2e7b8f9b958faa5855e65dfa5125a43083e0e9597665fad906a66bdffb23ff0024ba5fa818f67daac7966edee0187c037dce77e2a2c9f296787cdf6bd9bba256dc6f440fd1c46d5e61f5a3a364745ea96ef6118791eec7b00d24fd3ae7f79abd95cd0e6c389f92a1d47a5e2751c6762e58f5a97f2c7007eefeaa8e12e1faeeba438bcc2bea2e6b733eace21065d44d2ffec9f6ff00d072df5cb7d56a29e9b766d187badc069aebf509e6eadbb2ed9fbdb19e9b6d7ffa65d3d76b2c12d3c723b856f1ce24017a80d5c9120935a12c924924f63524924929ffd2f4f492492534336e6d765b6bfe852c93f000bdcbc7bae676466655f6375b6f76fb0f803f419fd96af4cfacd906be97d42c9d3e813e44b6b2bc733afb0e65803a24eb1e7f9aab44716491f12da278718f20c6a6fa1bc93ee7089efaff00e496e60fd6fcae995d2de9d53287d6e2eb8bbdfeb48fa3668ddb5ffc5ac015e9ca6d87c54dc00efab07b8761a07d0b03fc6856cc668ea58eeb6f2e76f7d10c686fe60656ff00a5fe7aabd53fc63dd936319d3aa7e2d1245af7ed3639aef64b39f49ec6fbd9ff000ab87f4c84a0b7e487b50bba57b92aab7ddba2bb14f4bc538d51a2835b4d753a0b834ebee7367739ff004f7fe7aba096bb7b391c8f15c1fd46fac8d3d2dd837b9ceb3125cc7448149dbb1ae7ff005dcfd8d5d9e1e536fac38190750ab4898cc8eb7a3600b8dba4d70734387053a052fdaedbd9dc7c51d5b84b8a37f6b5a71e135f62924924e5afffd3f4f4b44942e76da6c77eeb5c7ee0929e7faa620ea3d2b2b19c76fda038877819dec3fe72f15ceaeda72edaed043eb3b75ef1a6e5ee36bc57825c780d9fc1792fd73c638fd531e46b761d171f8bc39cab72f64c9b5cc69103c5c56bdd113a2234942ac230d3e2ac35545c428971ee9e35516b5f73c32b1b8b886b40eee276b424a7d37fc5374ab1b8797d4ee68356438558e0c19f4f77ab67f9ced8babc9c27e1bce462b668266ca872df1757fc8fe4a97d5ae88de85d1a8e9adb1d6fa72e739f13bdfefb1addbf99bfe82d44d942321457467289b0e7d5636d607b4ccea15da6df51bafd21f496766b4605bebfd1c5b0fbfc18f3ff007c7a9e3e4b4b85acd5a79f30abc6471cf865b7f2f536251f721c43e9ff007ae8a4948899d399f2495b6abfffd4f4f40cf7ecc1bdde0c3f8fb51d56ea62702efeacfdc4212f94f914c7e68f9879eebf658ce995b2a1eeb9cdaa476de457ff007e5c1ff8d1ac55f59994344369c4a18df8377af44ea2dddd2cbc0934c58df8b0878ffa95e67fe3272bed5f5bb29c1c0b2bae96323b0f4db6ff00e8c5072f552fa33f31771fabce30c145dc803c54c12a76bbabd3303a36556f7f51ea8de9fb5db455e93ac73847d36b9becfe4ae9fa77d43c4c97e3e6f48ea4fb5b4dac791750fae435cd7fb1d0df769fba81f54f27a5518b8f639983465171af7b996656658e07e9d584d1b6bddf9abba675ac6a1ad7e75a311a468732c654f23f7feccc3edddfcb50ce7212d2d9e30898eb4f4321dee1c151b2daea6ee7981f89f805469bc5f57a9897b5f5bf50fac8734f9b5dee485243a4cd8f3df944e635a47540c22f5969f8ad917bb301ac376d33ee0e1abbb8fa5f9aa2d606c35bcf82950cc9bb22d639aea68a61a4b9bfce388ddba974ff00375b5db5dff09ff16af574d758f68d7c4ea546314e678a6697fbb180e18ebfcbab1d8ffb3ecfce8491525638078fcbc3f460e33f8f13ffd5f4f50beb16d36547f3da5bf78534925387537d6c135bbbb4b5df91789758baeb7ab65befd6df55cd77f63f44dffa0c5ee419e964df576dc5cdf83bdcbc63eb7637d97eb2f50ab89b77b7e0f02cff00bf2ad8454a43f968d9cfac632fe5ab94d33ca9b5c210a5389561acd9aaeb2a7b6da9eeaded32d7b096b81fe4b9a99e7d5717d84bdeee5ce324ff0069c8409526928a9f4cff0014d954598b97d39ed1bf19c2fa49e432cf658dfeab6c6eeffae2f4381c70bc4fea1f54fd99f59b11ee315641fb35bae916fb5aefecdbe9af6c4a956a4924925292492494ff00ffd6f4f49249253433abdb92cb47e7b4b4fc5bfef5e55fe3430cd3d728cb03db954813fcaaced3ff0041cc5eb3d4bf9bacf83bf815c6ff008c0e8efea3d0db9350dd6e0b8dbb7c5846dbbff26ab93c39bcff006b600e2c3e5fb1f264e9dcd00e9c764c14ed764149a75510a6d08a99b5e6b70b1ba3987703e6350be89c6b7d6c6a6e3cdb5b1e7fb4d0efe2be776b4b9c18397103efd17d134562aa2ba8715b1ad1fd901a9299a49249294924924a7fffd7f4f492492534babbc578ec73b8de013f10554add55d4beb241d0b483f0573abd5eaf4cc8008696b0bc13c0dbef5ce62754a4c11ee935ba5a64458df4f74feefa8d557383c57dc36f97a3023a82f94755c6662f53cac6021b55af6b7e13ecff00a2aa437e0ad75673bf6a666f92efb45a0cebf9ee5527c02b2360d596e7cd4a4de14099e53b4a286ef4b6fa9d530d913bb22a11f17b57d0c792be7efaba27aff4e0783954ff00e7c6afa04f25252c924924a524924929ffd0f4f4924925353ac09e919c3c71aeff00cf6f5e23d1beb066e1d02a6e38beaa6b735b120893eb57ea384fe8eb7af71ea5e9fececbf567d3f42ddf1cedd8edd0be7eafd1daf8f5364376c6d89edea264f86bd5b78b262e3e2f45df831cbbdf9595764bdad6bef7bac2d6ced05c67d92a2dc4cc349b99458ea7bd81ae2de76fd38dbf495cccfa35c6ff00476e9ebc6edf1fa5f4f67f82dcb6707d5fd82cf4fed1e9faae8dbb7d1dd3ef8ddfc8fa7fcb4e1b2c96fbbca10900e56acf4b7fba667e713fc95264cd7bbf9bed11cff6bf391550eed8e86c7d5d4f172436453755612480203dba995f401e4af33fa95ff34fed38bf6eff00967d43e8447a132ef4f67a5ecdff00f863fc2ff617a5a485249249294924924a7fffd93842494d042100000000005500000001010000000f00410064006f00620065002000500068006f0074006f00730068006f00700000001300410064006f00620065002000500068006f0074006f00730068006f0070002000430053003300000001003842494d04060000000000070002000000010100ffe10e99687474703a2f2f6e732e61646f62652e636f6d2f7861702f312e302f003c3f787061636b657420626567696e3d22efbbbf222069643d2257354d304d7043656869487a7265537a4e54637a6b633964223f3e203c783a786d706d65746120786d6c6e733a783d2261646f62653a6e733a6d6574612f2220783a786d70746b3d2241646f626520584d5020436f726520342e312d633033362034362e3237363732302c204d6f6e2046656220313920323030372032323a34303a30382020202020202020223e203c7264663a52444620786d6c6e733a7264663d22687474703a2f2f7777772e77332e6f72672f313939392f30322f32322d7264662d73796e7461782d6e7323223e203c7264663a4465736372697074696f6e207264663a61626f75743d222220786d6c6e733a7861703d22687474703a2f2f6e732e61646f62652e636f6d2f7861702f312e302f2220786d6c6e733a64633d22687474703a2f2f7075726c2e6f72672f64632f656c656d656e74732f312e312f2220786d6c6e733a70686f746f73686f703d22687474703a2f2f6e732e61646f62652e636f6d2f70686f746f73686f702f312e302f2220786d6c6e733a7861704d4d3d22687474703a2f2f6e732e61646f62652e636f6d2f7861702f312e302f6d6d2f2220786d6c6e733a746966663d22687474703a2f2f6e732e61646f62652e636f6d2f746966662f312e302f2220786d6c6e733a657869663d22687474703a2f2f6e732e61646f62652e636f6d2f657869662f312e302f22207861703a437265617465446174653d22323031352d30392d31355431303a35383a34352b30353a333022207861703a4d6f64696679446174653d22323031352d30392d31355431313a30343a31302b30353a333022207861703a4d65746164617461446174653d22323031352d30392d31355431313a30343a31302b30353a333022207861703a43726561746f72546f6f6c3d2241646f62652050686f746f73686f70204353332057696e646f7773222064633a666f726d61743d22696d6167652f6a706567222070686f746f73686f703a436f6c6f724d6f64653d2233222070686f746f73686f703a486973746f72793d2222207861704d4d3a496e7374616e636549443d22757569643a41373639394131393642354245353131393731313935374441454230453030442220746966663a4f7269656e746174696f6e3d22312220746966663a585265736f6c7574696f6e3d22323430303030302f31303030302220746966663a595265736f6c7574696f6e3d22323430303030302f31303030302220746966663a5265736f6c7574696f6e556e69743d22322220746966663a4e61746976654469676573743d223235362c3235372c3235382c3235392c3236322c3237342c3237372c3238342c3533302c3533312c3238322c3238332c3239362c3330312c3331382c3331392c3532392c3533322c3330362c3237302c3237312c3237322c3330352c3331352c33333433323b30433132443845463835324339433543363635454644384334343334373139452220657869663a506978656c5844696d656e73696f6e3d223130302220657869663a506978656c5944696d656e73696f6e3d223135362220657869663a436f6c6f7253706163653d222d312220657869663a4e61746976654469676573743d2233363836342c34303936302c34303936312c33373132312c33373132322c34303936322c34303936332c33373531302c34303936342c33363836372c33363836382c33333433342c33333433372c33343835302c33343835322c33343835352c33343835362c33373337372c33373337382c33373337392c33373338302c33373338312c33373338322c33373338332c33373338342c33373338352c33373338362c33373339362c34313438332c34313438342c34313438362c34313438372c34313438382c34313439322c34313439332c34313439352c34313732382c34313732392c34313733302c34313938352c34313938362c34313938372c34313938382c34313938392c34313939302c34313939312c34313939322c34313939332c34313939342c34313939352c34313939362c34323031362c302c322c342c352c362c372c382c392c31302c31312c31322c31332c31342c31352c31362c31372c31382c32302c32322c32332c32342c32352c32362c32372c32382c33303b4532324330443139364241344433324336383544353237384332323438414439222f3e203c2f7264663a5244463e203c2f783a786d706d6574613e2020202020202020202020202020202020202020202020202020202020202020202020202020202020202020202020202020202020202020202020202020202020202020202020202020202020202020202020202020202020202020202020202020202020202020202020202020202020202020202020202020202020202020202020202020202020202020202020202020202020202020202020202020202020202020202020202020202020202020202020202020202020202020202020202020202020202020202020202020202020202020202020202020202020202020202020202020202020202020202020202020202020202020202020202020202020202020202020202020202020202020202020202020202020202020202020202020202020202020202020202020202020202020202020202020202020202020202020202020202020202020202020202020202020202020202020202020202020202020202020202020202020202020202020202020202020202020202020202020202020202020202020202020202020202020202020202020202020202020202020202020202020202020202020202020202020202020202020202020202020202020202020202020202020202020202020202020202020202020202020202020202020202020202020202020202020202020202020202020202020202020202020202020202020202020202020202020202020202020202020202020202020202020202020202020202020202020202020202020202020202020202020202020202020202020202020202020202020202020202020202020202020202020202020202020202020202020202020202020202020202020202020202020202020202020202020202020202020202020202020202020202020202020202020202020202020202020202020202020202020202020202020202020202020202020202020202020202020202020202020202020202020202020202020202020202020202020202020202020202020202020202020202020202020202020202020202020202020202020202020202020202020202020202020202020202020202020202020202020202020202020202020202020202020202020202020202020202020202020202020202020202020202020202020202020202020202020202020202020202020202020202020202020202020202020202020202020202020202020202020202020202020202020202020202020202020202020202020202020202020202020202020202020202020202020202020202020202020202020202020202020202020202020202020202020202020202020202020202020202020202020202020202020202020202020202020202020202020202020202020202020202020202020202020202020202020202020202020202020202020202020202020202020202020202020202020202020202020202020202020202020202020202020202020202020202020202020202020202020202020202020202020202020202020202020202020202020202020202020202020202020202020202020202020202020202020202020202020202020202020202020202020202020202020202020202020202020202020202020202020202020202020202020202020202020202020202020202020202020202020202020202020202020202020202020202020202020202020202020202020202020202020202020202020202020202020202020202020202020202020202020202020202020202020202020202020202020202020202020202020202020202020202020202020202020202020202020202020202020202020202020202020202020202020202020202020202020202020202020202020202020202020202020202020202020202020202020202020202020202020202020202020202020202020202020202020202020202020202020202020202020202020202020202020202020202020202020202020202020202020202020202020202020202020202020202020202020202020202020202020202020202020202020202020202020202020202020202020202020202020202020202020202020202020202020202020202020202020202020202020202020202020202020202020202020202020202020202020202020202020202020202020202020202020202020202020202020202020202020202020202020202020202020202020202020202020202020202020202020202020202020202020202020202020202020202020202020202020202020202020202020202020202020202020202020202020202020202020202020202020202020202020202020202020202020202020202020202020202020202020202020202020202020202020202020202020202020202020202020202020202020202020202020202020202020202020202020202020202020202020202020202020202020202020202020202020202020202020202020202020202020202020202020202020202020202020202020202020202020202020202020202020202020202020202020202020202020202020202020202020202020202020202020202020202020202020202020202020202020202020202020202020202020202020202020202020202020202020202020202020202020202020202020202020202020202020202020202020202020202020202020202020202020202020202020202020202020202020202020202020202020202020202020202020202020202020202020202020202020202020202020202020202020203c3f787061636b657420656e643d2277223f3effee000e41646f626500648000000001ffdb008400080606060606080606080c0807080c0e0a08080a0e100d0d0e0d0d10110c0c0c0c0c0c110c0c0c0c0c0c0c0c0c0c0c0c0c0c0c0c0c0c0c0c0c0c0c0c0c0c0c0c01090808090a090b09090b0e0b0d0b0e110e0e0e0e11110c0c0c0c0c11110c0c0c0c0c0c110c0c0c0c0c0c0c0c0c0c0c0c0c0c0c0c0c0c0c0c0c0c0c0c0c0c0c0cffc0001108009c006403012200021101031101ffdd00040007ffc401a20000000701010101010000000000000000040503020601000708090a0b0100020203010101010100000000000000010002030405060708090a0b1000020103030204020607030402060273010203110400052112314151061361227181143291a10715b14223c152d1e1331662f0247282f12543345392a2b26373c235442793a3b33617546474c3d2e2082683090a181984944546a4b456d355281af2e3f3c4d4e4f465758595a5b5c5d5e5f566768696a6b6c6d6e6f637475767778797a7b7c7d7e7f738485868788898a8b8c8d8e8f82939495969798999a9b9c9d9e9f92a3a4a5a6a7a8a9aaabacadaeafa110002020102030505040506040803036d0100021103042112314105511361220671819132a1b1f014c1d1e1234215526272f1332434438216925325a263b2c20773d235e2448317549308090a18192636451a2764745537f2a3b3c32829d3e3f38494a4b4c4d4e4f465758595a5b5c5d5e5f5465666768696a6b6c6d6e6f6475767778797a7b7c7d7e7f738485868788898a8b8c8d8e8f839495969798999a9b9c9d9e9f92a3a4a5a6a7a8a9aaabacadaeafaffda000c03010002110311003f00eef9b366c55d9b366c550ba95fc1a5d85c6a371fdd5b219180ea69d147facd45ce356ba2ea3f991aadd6a5aa4e52da22123515212bb886153f0ad17777c98fe6c6a46cf40b6b246a35f5c0523c5235e7ff001331e137923cc76da7dadad886825799d99a34765994b37ed295e2fc471fb2728cf320000d393a785d9aba1b28eb1f961696f6ab2e96ee93c09c7830056451bd186ff17f94b823f293ccd33bdd794af9cb35a869b4f663b88c1a4b06fda3279a7fb2c94798b5afa8b4519905bc72d0193d2699aa770aa828bd06fcb3995a2be81f99961726823b9b95a328e20c7740a540f0e4c72ac5322556483dedb971f163ba008ee7bd66cdd36cd998e0bb366cd8abb366cd8abfffd0eef9b366c55d9b366c55e33f9cf7d5d534eb4aed6d1090fce57ff9a63c95792934e9bcab61790409f5810905c28e658121b7f1aae730fcd9bf373e67ba2bf12465605ff9e438ff00c4b960afcbcf355b41149e5bd46e0daa96f52d2e012a28fb3273fd93cf30f39bdc6f44fcb939d80015126ae9ed3032cdcfd680a529c7d40a6bb7b16ce41f98d7821f385aca3e1faa450cb51d7e197983f86746fac69fa3dacb7d35f9962452ff000b16d80afd9e4fc8e79d75cf31dcf9975ed53587531472a186da027ecc717c31f2ff002ff69bfca7c8631649fe68b6790889a06f88d0da9f5d860e038e8df10f91df3617e8573f5cd134dbaff7f5ac2e7e6516bf8e1866703601ef75e45123b9d9b366c28766cd9b157fffd1eef9b366c55d81354bf8b4bd3ee7509880b6f1b4801ee40f840f9b65dedc3441628f6924efe0077ce47f993abc8d749a2c7255635f5ae5abdd87c20ffaa8397fb2ca3267e19700167ee6fc5838c711343ed2f3af31cd25dca2e24f8a490bcae7ddf7c19e43d3a2d4ae7f7ea18ab2c641f07a9fd784135f7d66ecc11efde9fe4af4ff00823938fcabb497ebd34863e66470223fca16accdf456998f97e823dd4e5e3ae3bf7dbd35fcb70a59fd5540f4b8d3876a1ce11e75f2edd795f5b9fd48c8d3aefe3b4980f87936ef193fccb9e97750e9c6427fd89a6156afa258eb366f63a88fac5b49f6a3750df2208a1e4bfcc329c52e03de0ec594c71f3e60d8ee6bf2c7525d4bc99a790417b50d6d27b14355ff008465c97e40bc916b6fa1dc6a76ba6729b4a430c3eb13f6ae615e1370fe6089e9acaffefee49fb19398a68e65e519e9d41d88cd862c91311107703975703342424655b13cfa2a66cd9b2d6a766cd9b157ffd2eef9b366c5528d4ae1219679e43fbbb68b931f600bb679b7ccba9dd6a57b772a54cf74e6598ff2a9fb09fec57fe22b9dcfce77661d17589ab4151193ec59633f8679ab53b994ea132abd391ab5363bfece61423c79667ccb9c65c18a3ee0b205faafa85882ee295afc543d7e5cb255a679faf74286d9346823b6921767b9673eafd62a365905178c63f9636e5cbf6be1c8888811d77ea77caf49bc7f8e6478513bc85b8c734aaa3b07b1695f9d514768835bb369ee99dbd492d42c68a9fb0123727953f6aaf8075afcdf9efa68e2d1a092c6d8165b896428d2b23fc154d8889d14b3a7dafdef0fd9f873957a4c0d2bf2cd4653e34e9e38060c777c2be34eaadf58f971ec9b45b13656ed6b6a61530dbc942caa454726527933fdbe7fb7f6b0cc128c248fa8ea3c4786726fcb3f3821d11b4aba77796c393c6dc490b6e4af0567ff005d9f82ff00939d334fbd5ba895c1a861514f0cc29130c863c883b172a31e28710dc11b84ed1c48a1d7a1c7604b7902bf03d1b71ec705e6c31cf8e225d7afbdc3c90e19574e8ecd9b364d83ffd3eef9b61b9ed9b13b86e16f33ff002a31fb81c4a8166987eb560bad6877f64ec53eb6ae55fc1abcd0ff00c10cf2fea70cf6d7f3c33a959226e1bf70bb721ed9ea99a45874d2edd0257f0cf3c7e62599b3d6ad2a286e34fb5b83f390331fd7983a424ca47e3f12e76af684479fdcc61246a71aed8b23362310ad3c0e08514dfbe66b82e2c46f8c662773b818ea6fbe31524b99162854bb3b04450376663c540fa4e2af73fc89d1254d3f50d76e50182e9d60b40c01afa45bd5929feb370ff82ce8379a6c9a6c8d7760bcad49e535ba8de3af568c7f27f93fb38ff26f96d3ca7e5eb4d112679fd2e5248f252a2490f391578fec072dc30fb213c5198a23cefadb6432ca06c1f2ae9493c332cf12c886a08a838656f309937fb6bb37f5c26d4546913fd68516c663fbcec2390ffc68ff00f12c56d6f10b09e23543d7b5466242670e4e19723cfddd24e54e032e3e28fc3dfd629d66caa8a72aed4ad7db3667ece0bfffd4eef813559047a6ddb9ed130fbc71fe382f00eb2bcb4bb903b2827e861919fd12f71650fae3fd60c3bcd32cd168b0c76e096b878e0a8edea91183ff000d9c97f3b2116fe738ed10512df4fb5890ff0092bcc6766d5d39e8ad281c9adf8ccbf388871ff11ce1bf9c37df5ff3edfb060d1c515b47153b298565fd721cc5d2554bbf672b57771eedd84c6c4118243d46041b6e715524e65b869fe8ba5f976fe1924d6b5e5d278385107a124aeeb41f1ab2fc1d7e1e393ad27f2bec6fa5b3d53cbbadc93a5bcf14ac2e6d6486aa8eaff03517e2dbe1f8702f916ef43b5b2b499a3d2ed6f999a132bc735fea52ba9d9e2b251c63e5fb3c5b3ab47e62b3b548e4d5ae058291f09d4a68ede461fce2d909e3cbfcbe198d9324c4bd37f653950c5031dc03b74b667c83fc4a6a0ef89cd34502f395828f0ee7e43a9c2b82e56ea013e9f74924326eb244cae841eeac390ca16e43726e53487ab6e709d49a1503c5f62069c5faa743ed5b7572da92b40aa52d8101c3afc4f4dc6cdf6571ab1aa5113727a0ef8fb68ef6e6eee2278dedad6dcaa12e9bcae406e50b57fbb8d5b8b371f8e4ff008c786b15bc500fddaefdd8ee4fd3950c1932cb8f21afc740d9e3c31c4c21bfbbef2567a727d53d3fdbe34a7f0cd8233665f863cfe9e1f838be21ee1f5717c5ffd5eef895cc22e2da680ffbb1197ef14c57363e4a0d6ec5215fac698d138dca1461ef4a67973cc13dc5c6bba8c975bcfebbc6dff3ccfa4bff00088b9eab11fa179776fd1439741fe4bfc5fc73cc9e7db3fa879cb58b7dc033faabfeacaa24ff008db30f4c3867389fc517375278a1090ea6fe6120535eb4c51585298857b0cb04e65b848e82e25b79167b791a2950d5248d8a329e95565a119521fac3b49313248dbb48e4b313eecd5381831fa31456276c2be4f72fc88bdb69acb50d1654532d9b8bab627a88e6f82451fe4ac8aadff3d33b2d00d80a0f0cf2e7e57eb5fa0fce7a7cb21e305d93653ef41c67a2ab1ff565f4db3d478d04d9ef766cd9b143b366cd8abfffd6eef9b366c5529d4a1e37b14ebd24428df35351f81cf3f7e75e9e6dbccb6ba885a25f5b005bc5e162a7fe11933d0fac7f73130ea1f6ff008139ccff0035b409359f2d477d02979f4b633f002a5a22bc66fb851ffd8e621221a8bfe77e9730033d379c797c1f3d57efcbe996e815aa3a751940fd1994e1ae18a21dfae306288061555491a1612a1e2c843a9af42bb839ecdb29cdd59db5c9eb3451c87fd9a06fe39e33543232c6a3772176f734cf675b4420b68205d8451a4607faaa17f862aab9b366c55d9b366c55ffd7eef9b366c552bd7a5586d6291f6512004f8541c2f85e1b8b6921241d99194f43b77fa30cb5f84cfa35ea860ac91b4819ba0e039eff00403909b0d6edd8ab0f8aa6092a841044cbe986a83f64c8ac33075408983d08fb9d8692a588c7a82f9fb5cb48ec359bfb251448279110782862500ff6270b885f960fd7598eb7a9fa952ff5b9c1a9a9fef1875f9617f2f01998390f73832fa8d7796b1ea36c4cb13d7b65a9c9314cf444f5b5ad362a5795dc0b4f9caa33d94df68fcf3c7be511cbcd5a286fb26fadabff0023573d847a9f9e2ad66cd9b15766cd9b157fffd0eef9b366c552ed7c5741d541ef65723fe493e796fcbde6ad474cb65b74b45b982de16442095600b09a3f51857f771b86f854237c5f6f3d51abfa5fa2350f5ebe97d567f538f5e3e9b72a7bd33c7d17d5b84b4f5bd3e29c38f0a577a7a9efd72bcbc1c3ebaaf36ec1e2717eeeeeba2cbfba96fef6e2fa555592ea57999101e20b9ad12b53c718963a83406ea3b599adc75996372837e3f6c0e3f6be1c32d43ec43c7d4fabf1f87eb5c797a941eafa7c3fdd5cbecffcd7925d37d7ff000c47e8fd6fd1fac371e1c3eadcb97c74e5fe47dbfd8e7fe5e4c721b35c86e77b37bb002bb0ae6556f0fa7074be8fa9f1d6b5fa78d7bf1db1f1d6b0fa9fdcd7e1e34ebdbed6dcbfd6fd9c77ee450ef46796a392df59d3ef42d56dee209589200e2b22ee6bd33d807a9ce1bf973fe05fae69ff00a5a9fe24f59beabc69f54e556f4f87a5f073ff00988f8bd5fb1f070cee3f2e9db0a1d9b366c55d9b366c55ffd9);

-- --------------------------------------------------------

--
-- Estructura de tabla para la tabla `lista_deseos`
--

CREATE TABLE `lista_deseos` (
  `id_listadeseos` int(11) NOT NULL,
  `id_usuario` int(11) NOT NULL,
  `fecha` date NOT NULL,
  `id_articulo` int(11) NOT NULL
) ENGINE=InnoDB DEFAULT CHARSET=utf8;

--
-- Volcado de datos para la tabla `lista_deseos`
--

INSERT INTO `lista_deseos` (`id_listadeseos`, `id_usuario`, `fecha`, `id_articulo`) VALUES
(1, 1, '2020-11-15', 1),
(2, 2, '2020-11-09', 2),
(3, 3, '2020-11-19', 3),
(4, 4, '2020-11-12', 4),
(5, 5, '2020-11-25', 5),
(6, 6, '2020-11-11', 6),
(7, 7, '2020-11-18', 7),
(8, 8, '2020-11-13', 8),
(9, 9, '2020-11-10', 9),
(10, 10, '2020-11-10', 10),
(11, 11, '0000-00-00', 11),
(21, 21, '2020-11-10', 21),
(22, 22, '2020-11-16', 22),
(23, 23, '2020-11-16', 23),
(24, 24, '2020-11-11', 24),
(25, 25, '2020-11-05', 25),
(26, 26, '2020-11-12', 26),
(27, 27, '2020-11-10', 27),
(28, 28, '2020-11-11', 28),
(29, 29, '2020-11-02', 29),
(30, 30, '2020-11-11', 30);

-- --------------------------------------------------------

--
-- Estructura de tabla para la tabla `marca`
--

CREATE TABLE `marca` (
  `id_marca` int(11) NOT NULL,
  `nombre_marca` varchar(45) NOT NULL
) ENGINE=InnoDB DEFAULT CHARSET=utf8;

--
-- Volcado de datos para la tabla `marca`
--

INSERT INTO `marca` (`id_marca`, `nombre_marca`) VALUES
(1, 'Zara'),
(2, 'CalvinKlein'),
(3, 'Chein'),
(4, 'Addidas'),
(5, 'Nike'),
(6, 'Boquie'),
(7, 'Dracula'),
(8, 'D&D'),
(9, 'ABS'),
(10, 'Sport'),
(11, 'Dior'),
(12, 'Inditex'),
(13, 'Cheil'),
(14, 'TJX'),
(15, 'H&M'),
(16, 'Reebok'),
(17, 'Fila'),
(18, 'Lacoste'),
(19, 'Ecko'),
(20, 'GAP'),
(21, 'Under'),
(22, 'Gasta'),
(23, 'Tommy'),
(24, 'NBA'),
(25, 'Vans'),
(26, 'Just Do It'),
(27, 'Wilson'),
(28, 'Yonex'),
(29, 'Kaapa'),
(30, 'DC');

-- --------------------------------------------------------

--
-- Estructura de tabla para la tabla `oferta`
--

CREATE TABLE `oferta` (
  `id_oferta` int(11) NOT NULL,
  `nombre_oferta` varchar(30) NOT NULL,
  `porcentaje_oferta` decimal(1,0) NOT NULL
) ENGINE=InnoDB DEFAULT CHARSET=utf8;

--
-- Volcado de datos para la tabla `oferta`
--

INSERT INTO `oferta` (`id_oferta`, `nombre_oferta`, `porcentaje_oferta`) VALUES
(1, 'Buen Fin', '9'),
(2, 'Black Friday', '9'),
(3, 'Julio Regalado', '3'),
(4, 'Viernes 13', '4'),
(5, 'Buen Fin 2.0', '5'),
(6, 'ProVenta', '6'),
(7, 'Noche Buena', '7'),
(8, 'Halloween', '8'),
(9, 'Mes patriotico', '1'),
(10, 'Valentine Day', '2'),
(11, 'Black Monday', '9'),
(12, 'Terror', '9'),
(13, 'Dia del Niño', '9'),
(14, 'Dia de la Madre', '9'),
(15, 'Mes del Amor', '9');

-- --------------------------------------------------------

--
-- Estructura de tabla para la tabla `pago`
--

CREATE TABLE `pago` (
  `id_pago` int(11) NOT NULL,
  `nombre_pago` varchar(30) NOT NULL
) ENGINE=InnoDB DEFAULT CHARSET=utf8;

--
-- Volcado de datos para la tabla `pago`
--

INSERT INTO `pago` (`id_pago`, `nombre_pago`) VALUES
(1, 'Compra 1'),
(2, 'Compra 2'),
(3, 'Compra 3'),
(4, 'Compra 4'),
(5, 'Compra 5'),
(6, 'Compra 6'),
(7, 'Compra 7'),
(8, 'Compra 8'),
(9, 'Compra 9'),
(10, 'Compra 10'),
(11, 'Compra 11'),
(12, 'Compra 12'),
(13, 'Compra 13'),
(14, 'Compra 14'),
(15, 'Compra 15'),
(16, 'Compra 16'),
(17, 'Compra 17'),
(18, 'Compra 18'),
(19, 'Compra 19'),
(20, 'Compra 20'),
(21, 'Compra 21'),
(22, 'Compra 22'),
(23, 'Compra 23'),
(24, 'Compra 24'),
(25, 'Compra 25'),
(26, 'Compra 26'),
(27, 'Compra 27'),
(28, 'Compra 28'),
(29, 'Compra 29'),
(30, 'Compra 30');

-- --------------------------------------------------------

--
-- Estructura de tabla para la tabla `pedidos`
--

CREATE TABLE `pedidos` (
  `id_pedido` int(11) NOT NULL,
  `id_usuario` int(11) NOT NULL,
  `num_tarjeta` varchar(20) NOT NULL,
  `id_articulo` int(11) NOT NULL,
  `desc_pedido` varchar(200) NOT NULL,
  `fecha_solicitud` date NOT NULL,
  `fecha_entrega` date NOT NULL
) ENGINE=InnoDB DEFAULT CHARSET=utf8;

--
-- Volcado de datos para la tabla `pedidos`
--

INSERT INTO `pedidos` (`id_pedido`, `id_usuario`, `num_tarjeta`, `id_articulo`, `desc_pedido`, `fecha_solicitud`, `fecha_entrega`) VALUES
(1, 1, '1', 1, 'Requiere envió inmediato', '2020-11-09', '2020-11-10'),
(2, 2, '2', 2, 'Pedido urgente', '2020-11-11', '2020-11-12'),
(3, 3, '3', 3, 'Pedido internacional', '2020-11-14', '2020-11-19'),
(4, 0, '4', 4, 'Pedido urgen', '2020-11-16', '2020-11-17'),
(5, 5, '5', 5, 'Pedido para Kloe Kardashian', '2020-11-15', '2020-11-19'),
(6, 6, '6', 6, 'Pedio para desportista', '2020-11-08', '2020-11-09'),
(7, 7, '7', 7, 'Pedido poco urgente', '2020-11-08', '2020-11-26'),
(8, 8, '8', 8, 'Pedido poco prioritario', '2020-11-02', '2020-11-12'),
(9, 9, '9', 9, 'Pedido para nuestro presidente cabeza de algodón', '2020-11-17', '2020-11-19'),
(10, 10, '10', 10, 'Camisa para Obama URGENTE', '2020-11-18', '2020-11-20'),
(11, 11, '11', 11, 'Pedido ', '2020-11-08', '2020-11-25'),
(12, 12, '12', 12, 'Pedido 12', '2020-11-23', '2020-11-11'),
(13, 13, '13', 13, 'Pedido 13', '2020-11-09', '2020-11-11'),
(14, 14, '14', 14, 'Pedido 14', '2020-11-09', '2020-11-11'),
(15, 15, '15', 15, 'Pedido 15', '2020-11-09', '2020-11-11'),
(16, 16, '16', 16, 'Pedido 16', '2020-11-09', '2020-11-19'),
(17, 17, '17', 17, 'Pedido 17', '2020-11-02', '2020-11-17'),
(18, 18, '18', 18, 'Pedido 18', '2020-11-09', '2020-11-11'),
(19, 19, '19', 19, 'Pedido 19', '2020-11-09', '2020-11-18'),
(20, 20, '20', 20, 'Pedido 20', '2020-11-10', '2020-11-18'),
(21, 21, '21', 21, 'Pedido 21', '2020-11-09', '2020-11-19'),
(22, 22, '22', 22, 'Pedido 22', '2020-11-06', '2020-11-12'),
(23, 23, '23', 23, 'Pedido 23', '2020-11-10', '2020-11-18'),
(24, 24, '24', 24, 'Pedido 24', '2020-11-18', '2020-11-26'),
(25, 25, '25', 25, 'Pedido 25', '2020-11-09', '2020-11-24'),
(26, 26, '26', 26, 'Pedido 26', '2020-11-02', '2020-11-05'),
(27, 27, '27', 27, 'Pedido 27', '2020-11-04', '2020-11-11'),
(28, 28, '28', 28, 'Pedido 28', '2020-11-05', '2020-11-19'),
(29, 29, '29', 29, 'Pedido 29', '2020-11-04', '2020-11-11'),
(30, 30, '30', 30, 'Pedido 30', '2020-11-09', '2020-11-18');

-- --------------------------------------------------------

--
-- Estructura de tabla para la tabla `talla`
--

CREATE TABLE `talla` (
  `id_talla` int(11) NOT NULL,
  `tipo_talla` varchar(10) NOT NULL
) ENGINE=InnoDB DEFAULT CHARSET=utf8;

--
-- Volcado de datos para la tabla `talla`
--

INSERT INTO `talla` (`id_talla`, `tipo_talla`) VALUES
(1, 'Ch'),
(2, 'M'),
(3, 'G'),
(4, 'XCH'),
(5, 'XG');

-- --------------------------------------------------------

--
-- Estructura de tabla para la tabla `tipo_empleado`
--

CREATE TABLE `tipo_empleado` (
  `id_tipo_empleado` int(11) NOT NULL,
  `rol_empleado` varchar(40) NOT NULL,
  `id_empleado` int(11) NOT NULL
) ENGINE=InnoDB DEFAULT CHARSET=utf8;

--
-- Volcado de datos para la tabla `tipo_empleado`
--

INSERT INTO `tipo_empleado` (`id_tipo_empleado`, `rol_empleado`, `id_empleado`) VALUES
(1, 'Cajero', 5),
(2, 'Proveedor', 4),
(3, 'Marketing', 3),
(4, 'Publicitario', 2),
(5, 'Fabricante', 6),
(6, 'Maquinista', 7),
(7, 'Mostrario', 8),
(8, 'Invertor', 9),
(9, 'Ventas', 5),
(10, 'Chalan', 10);

-- --------------------------------------------------------

--
-- Estructura de tabla para la tabla `usuario`
--

CREATE TABLE `usuario` (
  `id_usuario` int(11) NOT NULL,
  `nombre` varchar(50) NOT NULL,
  `ap_pat` varchar(30) NOT NULL,
  `ap_mat` varchar(30) NOT NULL,
  `nombre_usuario` varchar(20) DEFAULT NULL,
  `password` varchar(100) NOT NULL,
  `correo` varchar(50) NOT NULL,
  `telefono` varchar(20) NOT NULL,
  `direccion` varchar(60) NOT NULL,
  `fecha_nac` date NOT NULL
) ENGINE=InnoDB DEFAULT CHARSET=utf8;

--
-- Volcado de datos para la tabla `usuario`
--

INSERT INTO `usuario` (`id_usuario`, `nombre`, `ap_pat`, `ap_mat`, `nombre_usuario`, `password`, `correo`, `telefono`, `direccion`, `fecha_nac`) VALUES
(1, 'Kartherine', 'Guzman', 'Lopez', 'Katherine', 'kat123', 'kat_12@gmail.com', '4491321213', 'Col. Morelos Calle Hermanos Bravo #382', '1998-02-12'),
(2, 'Jesus', 'Calderon', 'Hernandez', 'Chuy', 'chuy123', 'chuy.98@gmail.com', '44923103954', 'Col. Miradores Calle Del Prado #960', '1998-07-23'),
(3, 'Johan', 'García', 'Montoya', 'JohanGM', 'johan123', 'johan_97@gmail.com', '4491970697', 'Col. Casa Blanca Calle Jefes Insurgentes #129', '1997-12-12'),
(4, 'Andres', 'Salazar', 'Jimenez', 'Andres', 'andres123', 'andres.98@gmail.com', '4491848383', 'Col. Vistas del Sol Calle Eclipse #194', '1998-10-30'),
(5, 'Jaqueline', 'Alvarez', 'Alba', 'Jackie', 'jackie123', 'jackie.alba@gmail.com', '4491848184', 'Col Miradores Calle Insurgentes #485', '1998-02-26'),
(6, 'Marlene', 'Del valle', 'Vallecillo', 'Marlen', 'marlen123', 'marlen.valle@gmail.com', '4491040360', 'Col Guerrera Calle Soldado #194', '1996-12-25'),
(7, 'Humbero', 'Palos', 'Espiricueta', 'Humbert', 'humber123', 'humbert.barca@hotmail.com', '4491848274', 'Col. Insurgentes Calle Vivero #184', '1997-08-13'),
(8, 'Vanesa', 'Felix', 'Moreno', 'Vane', 'vane123', 'vane_felix@hotmail.com', '4491848218', 'Col Alta Vista Calle 30 de Septiembre #194', '1995-06-18'),
(9, 'Tania', 'Moreno', 'Jimenez', 'Tania', 'tania123', 'tania_mor@hotmail.com', '4491749393', 'Col. Politecnica Calle Heroes #195', '1999-11-10'),
(10, 'Sabino', 'Santos', 'Reyes', 'Sabino', 'sabino123', 'sabino_santos@hotmail.com', '449184818', 'Col. Lomas Calles de la Ajedrez #695', '1998-12-21'),
(11, 'Jose', 'Avila', 'García', 'Jose', 'jose123', 'jose@hotmail.com', '4498593949', 'Col. Lomas del Chapulín Calle Chapulín #294', '1967-11-27'),
(12, 'Nelida', 'Montoya', 'Hernandez', 'Nely', 'nely123', 'nely@gmail.com', '4490022365', 'Col. Héroe Militar Calle Soldado #294', '1970-10-28'),
(13, 'Luis', 'Montoya ', 'Hernadez', 'Luis', 'luis123', 'luis@hotmail.com', '4490282848', 'Col. México Calle Independencia #285', '1998-09-21'),
(14, 'David', 'Arechar', 'Gómez', 'Davi', 'davi123', 'davi@hotmail.com', '4491848452', 'Col. Pirámides Calle Egipcio #295', '1998-12-21'),
(15, 'Joselin', 'Jimenez ', 'Aleman', 'Joselin', 'joselin123', 'joselin@gmail.com', '4998593852', 'Col. Gómez Portugal Calle Aurora', '1993-11-12'),
(16, 'Diego', 'Flores', 'Valle', 'Diego', 'diego123', 'diego@hotmail.com', '4492848956', 'Col. Tecnológico Calle Tic´s #294', '1989-02-09'),
(17, 'Sandra', 'Hernadez', 'Montoya', 'Sandra', 'sandra123', 'sandra@gmail.com', '4490787634', 'Col. Lomas Calles de la Ajedrez #695', '1984-12-12'),
(18, 'Victor', 'Romos', 'Arellano', 'Vic', 'vic123', 'vic@gmail.com', '4492471290', 'Col. Santa Lucia Calle Destello #285', '1965-12-08'),
(19, 'Geovanni', 'Montoya ', 'Arechar', 'Geo', 'geo123', 'geo@hotmail.com', '4491848475', 'Col. Salud Calle Ojo del agua #294', '1995-12-14'),
(20, 'Alejandro', 'García', 'Montoya', 'Ale', 'ale123', 'ale@hotmail.com', '4490506932', 'Col. Casa Nueva Calle Soleado #859', '2019-02-04'),
(21, 'Perla', 'Jimenez', 'Flores', 'Perla', 'perla123', 'perla@yahoo.com', '4491848594', 'Col. Vistas del Sol Calle Eclipse #194', '1998-09-21'),
(22, 'Gema', 'Bajada', 'Olivares', 'Gema', 'gema123', 'gema@hotmail.com', '4491040520', 'Col. Casa Blanca Calle Jefes Insurgentes #129', '1997-09-21'),
(23, 'Esther', 'Ponce', 'Guazo', 'Esther', 'esther123', 'esther@hotmail.com', '4492060543', 'Col. Guerrera Calle Soldado #194', '1998-12-31'),
(24, 'Abigail', 'Barajas', 'Macias', 'Abby', 'abby123', 'abby@hotmail.com', '4490839493', 'Col. Insurgentes Calle Vivero #184', '2005-12-23'),
(25, 'Gabriel', 'Martinez', 'Navarro', 'Gaby', 'gaby123', 'gaby@gmail.com', '449205063', 'Col. Mexico Libre Calle DF #593', '2009-12-21'),
(26, 'Esmeralda', 'García', 'Alvarez', 'Esme', 'esme123', 'esme@gmail.com', '4492858542', 'Col. Politécnica Calle Héroes #195', '2020-12-26'),
(27, 'Jonhy', 'Bravo', 'Bravo', 'Jonhy', 'jonhy123', 'jonhy@yahoo.com', '4490294589', 'Col. Lomas Calles de la Ajedrez #695', '1999-12-23'),
(28, 'Gabriela', 'Ortega', 'Montoya', 'Gabi', 'gabi123', 'gabi@hotmail.com', '4490859823', 'Col. Margaras Calle Del Rio #284', '2009-12-13'),
(29, 'Guillermo', 'Álvarez ', 'López', 'Guillermo', 'guillermo123', 'guillermo@hotmail.com', '4491870989', 'Col. Benito Juárez Calle Anden #284', '2009-09-02'),
(30, 'Anastasia', 'Jiménez', 'Ortega', 'Ana', 'ana123', 'ana@gmail.com', '4491049382', 'Col. Carvallito Calle Born #842', '2000-12-11');

--
-- Índices para tablas volcadas
--

--
-- Indices de la tabla `articulo`
--
ALTER TABLE `articulo`
  ADD PRIMARY KEY (`id_articulo`),
  ADD KEY `id_diseño` (`id_categoria`),
  ADD KEY `articulo_marca` (`id_marca`),
  ADD KEY `id_oferta` (`id_oferta`),
  ADD KEY `id_talla` (`id_talla`);

--
-- Indices de la tabla `articulo_categoria`
--
ALTER TABLE `articulo_categoria`
  ADD PRIMARY KEY (`id_categoria`);

--
-- Indices de la tabla `articulo_visita`
--
ALTER TABLE `articulo_visita`
  ADD PRIMARY KEY (`id_visita`),
  ADD KEY `id_usuario` (`id_usuario`),
  ADD KEY `id_articulo` (`id_articulo`);

--
-- Indices de la tabla `calificaciones`
--
ALTER TABLE `calificaciones`
  ADD PRIMARY KEY (`id_calif`),
  ADD KEY `id_usuario` (`id_usuario`,`id_articulo`),
  ADD KEY `calif_art` (`id_articulo`);

--
-- Indices de la tabla `carrito`
--
ALTER TABLE `carrito`
  ADD PRIMARY KEY (`id_total`),
  ADD KEY `carrito_articulo` (`id_articulo`);

--
-- Indices de la tabla `compra`
--
ALTER TABLE `compra`
  ADD PRIMARY KEY (`id_compra`),
  ADD KEY `id_usuario` (`id_usuario`),
  ADD KEY `id_articulo` (`id_articulo`),
  ADD KEY `id_total` (`id_total`),
  ADD KEY `id_pago` (`id_pago`);

--
-- Indices de la tabla `empleado`
--
ALTER TABLE `empleado`
  ADD PRIMARY KEY (`id_empleado`);

--
-- Indices de la tabla `imagen`
--
ALTER TABLE `imagen`
  ADD PRIMARY KEY (`id_imagen`);

--
-- Indices de la tabla `lista_deseos`
--
ALTER TABLE `lista_deseos`
  ADD PRIMARY KEY (`id_listadeseos`),
  ADD KEY `id_usuario` (`id_usuario`),
  ADD KEY `id_articulo` (`id_articulo`);

--
-- Indices de la tabla `marca`
--
ALTER TABLE `marca`
  ADD PRIMARY KEY (`id_marca`);

--
-- Indices de la tabla `oferta`
--
ALTER TABLE `oferta`
  ADD PRIMARY KEY (`id_oferta`);

--
-- Indices de la tabla `pago`
--
ALTER TABLE `pago`
  ADD PRIMARY KEY (`id_pago`);

--
-- Indices de la tabla `pedidos`
--
ALTER TABLE `pedidos`
  ADD PRIMARY KEY (`id_pedido`),
  ADD KEY `pedido_usuario` (`id_articulo`),
  ADD KEY `id_usuario` (`id_usuario`);

--
-- Indices de la tabla `talla`
--
ALTER TABLE `talla`
  ADD PRIMARY KEY (`id_talla`);

--
-- Indices de la tabla `tipo_empleado`
--
ALTER TABLE `tipo_empleado`
  ADD PRIMARY KEY (`id_tipo_empleado`),
  ADD KEY `id_empleado` (`id_empleado`);

--
-- Indices de la tabla `usuario`
--
ALTER TABLE `usuario`
  ADD PRIMARY KEY (`id_usuario`);

--
-- AUTO_INCREMENT de las tablas volcadas
--

--
-- AUTO_INCREMENT de la tabla `compra`
--
ALTER TABLE `compra`
  MODIFY `id_compra` int(11) NOT NULL AUTO_INCREMENT, AUTO_INCREMENT=11;

--
-- AUTO_INCREMENT de la tabla `empleado`
--
ALTER TABLE `empleado`
  MODIFY `id_empleado` int(11) NOT NULL AUTO_INCREMENT, AUTO_INCREMENT=31;

--
-- AUTO_INCREMENT de la tabla `pedidos`
--
ALTER TABLE `pedidos`
  MODIFY `id_pedido` int(11) NOT NULL AUTO_INCREMENT, AUTO_INCREMENT=31;

--
-- AUTO_INCREMENT de la tabla `usuario`
--
ALTER TABLE `usuario`
  MODIFY `id_usuario` int(11) NOT NULL AUTO_INCREMENT, AUTO_INCREMENT=31;

--
-- Restricciones para tablas volcadas
--

--
-- Filtros para la tabla `articulo`
--
ALTER TABLE `articulo`
  ADD CONSTRAINT `articulo_categoria` FOREIGN KEY (`id_categoria`) REFERENCES `articulo_categoria` (`id_categoria`) ON DELETE CASCADE ON UPDATE CASCADE,
  ADD CONSTRAINT `articulo_marca` FOREIGN KEY (`id_marca`) REFERENCES `marca` (`id_marca`) ON DELETE CASCADE ON UPDATE CASCADE,
  ADD CONSTRAINT `articulo_oferta` FOREIGN KEY (`id_oferta`) REFERENCES `oferta` (`id_oferta`) ON DELETE CASCADE ON UPDATE CASCADE,
  ADD CONSTRAINT `articulo_talla` FOREIGN KEY (`id_talla`) REFERENCES `talla` (`id_talla`) ON DELETE CASCADE ON UPDATE CASCADE;

--
-- Filtros para la tabla `articulo_visita`
--
ALTER TABLE `articulo_visita`
  ADD CONSTRAINT `articulo_visita_art` FOREIGN KEY (`id_articulo`) REFERENCES `articulo` (`id_articulo`) ON DELETE CASCADE ON UPDATE CASCADE,
  ADD CONSTRAINT `articulo_visita_us` FOREIGN KEY (`id_usuario`) REFERENCES `usuario` (`id_usuario`) ON DELETE CASCADE ON UPDATE CASCADE;

--
-- Filtros para la tabla `calificaciones`
--
ALTER TABLE `calificaciones`
  ADD CONSTRAINT `calif_art` FOREIGN KEY (`id_articulo`) REFERENCES `articulo` (`id_articulo`),
  ADD CONSTRAINT `calif_us` FOREIGN KEY (`id_usuario`) REFERENCES `usuario` (`id_usuario`);

--
-- Filtros para la tabla `carrito`
--
ALTER TABLE `carrito`
  ADD CONSTRAINT `carrito_articulo` FOREIGN KEY (`id_articulo`) REFERENCES `articulo` (`id_articulo`) ON DELETE CASCADE ON UPDATE CASCADE;

--
-- Filtros para la tabla `compra`
--
ALTER TABLE `compra`
  ADD CONSTRAINT `compra_articulo` FOREIGN KEY (`id_articulo`) REFERENCES `articulo` (`id_articulo`) ON DELETE CASCADE ON UPDATE CASCADE,
  ADD CONSTRAINT `compra_cantidad` FOREIGN KEY (`id_total`) REFERENCES `carrito` (`id_total`) ON DELETE CASCADE ON UPDATE CASCADE,
  ADD CONSTRAINT `compra_pago` FOREIGN KEY (`id_pago`) REFERENCES `pago` (`id_pago`) ON DELETE CASCADE ON UPDATE CASCADE,
  ADD CONSTRAINT `compra_usuario` FOREIGN KEY (`id_usuario`) REFERENCES `usuario` (`id_usuario`) ON DELETE CASCADE ON UPDATE CASCADE;

--
-- Filtros para la tabla `lista_deseos`
--
ALTER TABLE `lista_deseos`
  ADD CONSTRAINT `lista_deseos_art` FOREIGN KEY (`id_articulo`) REFERENCES `articulo` (`id_articulo`) ON DELETE CASCADE ON UPDATE CASCADE,
  ADD CONSTRAINT `lista_deseos_us` FOREIGN KEY (`id_usuario`) REFERENCES `usuario` (`id_usuario`) ON DELETE CASCADE ON UPDATE CASCADE;

--
-- Filtros para la tabla `pedidos`
--
ALTER TABLE `pedidos`
  ADD CONSTRAINT `pedido_articulo` FOREIGN KEY (`id_articulo`) REFERENCES `articulo` (`id_articulo`) ON DELETE CASCADE ON UPDATE CASCADE,
  ADD CONSTRAINT `pedido_usuario` FOREIGN KEY (`id_articulo`) REFERENCES `usuario` (`id_usuario`) ON DELETE CASCADE ON UPDATE CASCADE;

--
-- Filtros para la tabla `tipo_empleado`
--
ALTER TABLE `tipo_empleado`
  ADD CONSTRAINT `tipo_empleado` FOREIGN KEY (`id_empleado`) REFERENCES `empleado` (`id_empleado`) ON DELETE CASCADE ON UPDATE CASCADE;
COMMIT;

/*!40101 SET CHARACTER_SET_CLIENT=@OLD_CHARACTER_SET_CLIENT */;
/*!40101 SET CHARACTER_SET_RESULTS=@OLD_CHARACTER_SET_RESULTS */;
/*!40101 SET COLLATION_CONNECTION=@OLD_COLLATION_CONNECTION */;
